專案,Program,,專案,Program
3S,c:\TEMP\3S\BusinessTax.aspx.vb,,3S,3S\BusinessTax.aspx.vb
3S,c:\TEMP\3S\Default.aspx.vb,,3S,3S\Default.aspx.vb
3S,c:\TEMP\3S\Main.aspx.vb,,3S,3S\Main.aspx.vb
3S,c:\TEMP\3S\App_Code\ForProject.vb,,3S,3S\App_Code\ForProject.vb
3S,c:\TEMP\3S\App_Code\Utility.vb,,3S,3S\App_Code\Utility.vb
ARMail,c:\TEMP\ARMail\CategoriPicker.aspx.vb,,ARMail,ARMail\CategoriPicker.aspx.vb
ARMail,c:\TEMP\ARMail\CheckBankInf.aspx.vb,,ARMail,ARMail\CheckBankInf.aspx.vb
ARMail,c:\TEMP\ARMail\Default.aspx.vb,,ARMail,ARMail\Default.aspx.vb
ARMail,c:\TEMP\ARMail\MaintBank.aspx.vb,,ARMail,ARMail\MaintBank.aspx.vb
ARMail,c:\TEMP\ARMail\MaintBankData.aspx.vb,,ARMail,ARMail\MaintBankData.aspx.vb
ARMail,c:\TEMP\ARMail\MaintCustControl.aspx.vb,,ARMail,ARMail\MaintCustControl.aspx.vb
ARMail,c:\TEMP\ARMail\MaintCustomer.aspx.vb,,ARMail,ARMail\MaintCustomer.aspx.vb
ARMail,c:\TEMP\ARMail\MaintItem.aspx.vb,,ARMail,ARMail\MaintItem.aspx.vb
ARMail,c:\TEMP\ARMail\MaintReferp.aspx.vb,,ARMail,ARMail\MaintReferp.aspx.vb
ARMail,c:\TEMP\ARMail\ViewMaintHistory.aspx.vb,,ARMail,ARMail\ViewMaintHistory.aspx.vb
ARMail,c:\TEMP\ARMail\ViewProcHistory.aspx.vb,,ARMail,ARMail\ViewProcHistory.aspx.vb
ARMail,c:\TEMP\ARMail\App_Code\ForProject.vb,,ARMail,ARMail\App_Code\ForProject.vb
ARMail,c:\TEMP\ARMail\App_Code\PageBase.vb,,ARMail,ARMail\App_Code\PageBase.vb
ARMail,c:\TEMP\ARMail\App_Code\Utility.vb,,ARMail,ARMail\App_Code\Utility.vb
ARMail,c:\TEMP\ARMail\App_Code\YKK_SPDClass.vb,,ARMail,ARMail\App_Code\YKK_SPDClass.vb
DASW,c:\TEMP\DASW\AgentConfig.aspx.vb,,DASW,DASW\AgentConfig.aspx.vb
DASW,c:\TEMP\DASW\BatchAutoApproveRPA.aspx.vb,,DASW,DASW\BatchAutoApproveRPA.aspx.vb
DASW,c:\TEMP\DASW\DASW_BatchAutoApprove.aspx.vb,,DASW,DASW\DASW_BatchAutoApprove.aspx.vb
DASW,c:\TEMP\DASW\DASW_DISPOSALADMIN.aspx.vb,,DASW,DASW\DASW_DISPOSALADMIN.aspx.vb
DASW,c:\TEMP\DASW\DASW_DISPOSALDataReport.aspx.vb,,DASW,DASW\DASW_DISPOSALDataReport.aspx.vb
DASW,c:\TEMP\DASW\DASW_DisposalIinqCommission.aspx.vb,,DASW,DASW\DASW_DisposalIinqCommission.aspx.vb
DASW,c:\TEMP\DASW\DASW_DISPOSALReason.aspx.vb,,DASW,DASW\DASW_DISPOSALReason.aspx.vb
DASW,c:\TEMP\DASW\DASW_DISPOSALReasonURL.aspx.vb,,DASW,DASW\DASW_DISPOSALReasonURL.aspx.vb
DASW,c:\TEMP\DASW\DASW_DISPOSALReport.aspx.vb,,DASW,DASW\DASW_DISPOSALReport.aspx.vb
DASW,c:\TEMP\DASW\DASW_DISPOSALSheet01.aspx.vb,,DASW,DASW\DASW_DISPOSALSheet01.aspx.vb
DASW,c:\TEMP\DASW\DASW_DISPOSALSheet02.aspx.vb,,DASW,DASW\DASW_DISPOSALSheet02.aspx.vb
DASW,c:\TEMP\DASW\DASW_DISPOSALSheet03.aspx.vb,,DASW,DASW\DASW_DISPOSALSheet03.aspx.vb
DASW,c:\TEMP\DASW\DASW_DISPOSALUpload01.aspx.vb,,DASW,DASW\DASW_DISPOSALUpload01.aspx.vb
DASW,c:\TEMP\DASW\DASW_NewCommission.aspx.vb,,DASW,DASW\DASW_NewCommission.aspx.vb
DASW,c:\TEMP\DASW\DASW_NOCopy.aspx.vb,,DASW,DASW\DASW_NOCopy.aspx.vb
DASW,c:\TEMP\DASW\DatePicker.aspx.vb,,DASW,DASW\DatePicker.aspx.vb
DASW,c:\TEMP\DASW\DatePicker1.aspx.vb,,DASW,DASW\DatePicker1.aspx.vb
DASW,c:\TEMP\DASW\DispoalSend.aspx.vb,,DASW,DASW\DispoalSend.aspx.vb
DASW,c:\TEMP\DASW\DispoalSendDate.aspx.vb,,DASW,DASW\DispoalSendDate.aspx.vb
DASW,c:\TEMP\DASW\DISPOSALTYPE.aspx.vb,,DASW,DASW\DISPOSALTYPE.aspx.vb
DASW,c:\TEMP\DASW\RedirectURL.aspx.vb,,DASW,DASW\RedirectURL.aspx.vb
DASW,c:\TEMP\DASW\RPASStockSchedule.aspx.vb,,DASW,DASW\RPASStockSchedule.aspx.vb
DASW,c:\TEMP\DASW\RPAStockinqCommission.aspx.vb,,DASW,DASW\RPAStockinqCommission.aspx.vb
DASW,c:\TEMP\DASW\RPAStockModifySheet_01.aspx.vb,,DASW,DASW\RPAStockModifySheet_01.aspx.vb
DASW,c:\TEMP\DASW\RPAStockModifySheet_02.aspx.vb,,DASW,DASW\RPAStockModifySheet_02.aspx.vb
DASW,c:\TEMP\DASW\RPAStockScheduleAll.aspx.vb,,DASW,DASW\RPAStockScheduleAll.aspx.vb
DASW,c:\TEMP\DASW\App_Code\ForProject.vb,,DASW,DASW\App_Code\ForProject.vb
DASW,c:\TEMP\DASW\App_Code\Utility.vb,,DASW,DASW\App_Code\Utility.vb
DASW,c:\TEMP\DASW\App_Code\YKK_SPDClass.vb,,DASW,DASW\App_Code\YKK_SPDClass.vb
DTMW,c:\TEMP\DTMW\BatchAutoApproveDye.aspx.vb,,DTMW,DTMW\BatchAutoApproveDye.aspx.vb
DTMW,c:\TEMP\DTMW\BuyerList.aspx.vb,,DTMW,DTMW\BuyerList.aspx.vb
DTMW,c:\TEMP\DTMW\CombiItemPicker.aspx.vb,,DTMW,DTMW\CombiItemPicker.aspx.vb
DTMW,c:\TEMP\DTMW\CustomerList.aspx.vb,,DTMW,DTMW\CustomerList.aspx.vb
DTMW,c:\TEMP\DTMW\DatePicker.aspx.vb,,DTMW,DTMW\DatePicker.aspx.vb
DTMW,c:\TEMP\DTMW\DatePicker1.aspx.vb,,DTMW,DTMW\DatePicker1.aspx.vb
DTMW,c:\TEMP\DTMW\DivisionEmpList.aspx.vb,,DTMW,DTMW\DivisionEmpList.aspx.vb
DTMW,c:\TEMP\DTMW\DivisionPicker.aspx.vb,,DTMW,DTMW\DivisionPicker.aspx.vb
DTMW,c:\TEMP\DTMW\DTMW_COMBIinqCommission.aspx.vb,,DTMW,DTMW\DTMW_COMBIinqCommission.aspx.vb
DTMW,c:\TEMP\DTMW\DTMW_COMBISheet01.aspx.vb,,DTMW,DTMW\DTMW_COMBISheet01.aspx.vb
DTMW,c:\TEMP\DTMW\DTMW_COMBISheet02.aspx.vb,,DTMW,DTMW\DTMW_COMBISheet02.aspx.vb
DTMW,c:\TEMP\DTMW\DTMW_CombiSheetCopy.aspx.vb,,DTMW,DTMW\DTMW_CombiSheetCopy.aspx.vb
DTMW,c:\TEMP\DTMW\DTMW_NewColorAgain_01.aspx.vb,,DTMW,DTMW\DTMW_NewColorAgain_01.aspx.vb
DTMW,c:\TEMP\DTMW\DTMW_NewColorAgain_02.aspx.vb,,DTMW,DTMW\DTMW_NewColorAgain_02.aspx.vb
DTMW,c:\TEMP\DTMW\DTMW_NewColorCompleteUA_01.aspx.vb,,DTMW,DTMW\DTMW_NewColorCompleteUA_01.aspx.vb
DTMW,c:\TEMP\DTMW\DTMW_NewColorCompleteUA_02.aspx.vb,,DTMW,DTMW\DTMW_NewColorCompleteUA_02.aspx.vb
DTMW,c:\TEMP\DTMW\DTMW_NewColorComplete_01.aspx.vb,,DTMW,DTMW\DTMW_NewColorComplete_01.aspx.vb
DTMW,c:\TEMP\DTMW\DTMW_NewColorComplete_02.aspx.vb,,DTMW,DTMW\DTMW_NewColorComplete_02.aspx.vb
DTMW,c:\TEMP\DTMW\DTMW_NewColorCopy.aspx.vb,,DTMW,DTMW\DTMW_NewColorCopy.aspx.vb
DTMW,c:\TEMP\DTMW\DTMW_NewColorinqCommission.aspx.vb,,DTMW,DTMW\DTMW_NewColorinqCommission.aspx.vb
DTMW,c:\TEMP\DTMW\DTMW_NewColorinqPriority.aspx.vb,,DTMW,DTMW\DTMW_NewColorinqPriority.aspx.vb
DTMW,c:\TEMP\DTMW\DTMW_NewColorSheet01_03CFBP14.aspx.vb,,DTMW,DTMW\DTMW_NewColorSheet01_03CFBP14.aspx.vb
DTMW,c:\TEMP\DTMW\DTMW_NewColorSheet01_03CFCD12.aspx.vb,,DTMW,DTMW\DTMW_NewColorSheet01_03CFCD12.aspx.vb
DTMW,c:\TEMP\DTMW\DTMW_NewColorSheet01_03CFP12.aspx.vb,,DTMW,DTMW\DTMW_NewColorSheet01_03CFP12.aspx.vb
DTMW,c:\TEMP\DTMW\DTMW_NewColorSheet01_03CFPBR12.aspx.vb,,DTMW,DTMW\DTMW_NewColorSheet01_03CFPBR12.aspx.vb
DTMW,c:\TEMP\DTMW\DTMW_NewColorSheet01_03CFPBR2D.aspx.vb,,DTMW,DTMW\DTMW_NewColorSheet01_03CFPBR2D.aspx.vb
DTMW,c:\TEMP\DTMW\DTMW_NewColorSheet01_03CLNM.aspx.vb,,DTMW,DTMW\DTMW_NewColorSheet01_03CLNM.aspx.vb
DTMW,c:\TEMP\DTMW\DTMW_NewColorSheet01_05CNLSBS16.aspx.vb,,DTMW,DTMW\DTMW_NewColorSheet01_05CNLSBS16.aspx.vb
DTMW,c:\TEMP\DTMW\DTMW_NewColorSheet01_25FKBA12.aspx.vb,,DTMW,DTMW\DTMW_NewColorSheet01_25FKBA12.aspx.vb
DTMW,c:\TEMP\DTMW\DTMW_NewColorSheet01_25FKBPS.aspx.vb,,DTMW,DTMW\DTMW_NewColorSheet01_25FKBPS.aspx.vb
DTMW,c:\TEMP\DTMW\DTMW_NewColorSheet01_LULU.aspx.vb,,DTMW,DTMW\DTMW_NewColorSheet01_LULU.aspx.vb
DTMW,c:\TEMP\DTMW\DTMW_NewColorSheet01_OverSeaYKK.aspx.vb,,DTMW,DTMW\DTMW_NewColorSheet01_OverSeaYKK.aspx.vb
DTMW,c:\TEMP\DTMW\DTMW_NewColorSheet01_QF.aspx.vb,,DTMW,DTMW\DTMW_NewColorSheet01_QF.aspx.vb
DTMW,c:\TEMP\DTMW\DTMW_NewColorSheet01_TNF.aspx.vb,,DTMW,DTMW\DTMW_NewColorSheet01_TNF.aspx.vb
DTMW,c:\TEMP\DTMW\DTMW_NewColorSheet01_UAKIPLING.aspx.vb,,DTMW,DTMW\DTMW_NewColorSheet01_UAKIPLING.aspx.vb
DTMW,c:\TEMP\DTMW\DTMW_NewColorSheet01_UAKIPLINGDT.aspx.vb,,DTMW,DTMW\DTMW_NewColorSheet01_UAKIPLINGDT.aspx.vb
DTMW,c:\TEMP\DTMW\DTMW_NewColorSheet01_VB.aspx.vb,,DTMW,DTMW\DTMW_NewColorSheet01_VB.aspx.vb
DTMW,c:\TEMP\DTMW\DTMW_NewColorSheet02_03CFBP14.aspx.vb,,DTMW,DTMW\DTMW_NewColorSheet02_03CFBP14.aspx.vb
DTMW,c:\TEMP\DTMW\DTMW_NewColorSheet02_03CFCD12.aspx.vb,,DTMW,DTMW\DTMW_NewColorSheet02_03CFCD12.aspx.vb
DTMW,c:\TEMP\DTMW\DTMW_NewColorSheet02_03CFP12.aspx.vb,,DTMW,DTMW\DTMW_NewColorSheet02_03CFP12.aspx.vb
DTMW,c:\TEMP\DTMW\DTMW_NewColorSheet02_03CFPBR12.aspx.vb,,DTMW,DTMW\DTMW_NewColorSheet02_03CFPBR12.aspx.vb
DTMW,c:\TEMP\DTMW\DTMW_NewColorSheet02_03CFPBR2D.aspx.vb,,DTMW,DTMW\DTMW_NewColorSheet02_03CFPBR2D.aspx.vb
DTMW,c:\TEMP\DTMW\DTMW_NewColorSheet02_03CLNM.aspx.vb,,DTMW,DTMW\DTMW_NewColorSheet02_03CLNM.aspx.vb
DTMW,c:\TEMP\DTMW\DTMW_NewColorSheet02_05CNLSBS16.aspx.vb,,DTMW,DTMW\DTMW_NewColorSheet02_05CNLSBS16.aspx.vb
DTMW,c:\TEMP\DTMW\DTMW_NewColorSheet02_25FKBA12.aspx.vb,,DTMW,DTMW\DTMW_NewColorSheet02_25FKBA12.aspx.vb
DTMW,c:\TEMP\DTMW\DTMW_NewColorSheet02_25FKBPS.aspx.vb,,DTMW,DTMW\DTMW_NewColorSheet02_25FKBPS.aspx.vb
DTMW,c:\TEMP\DTMW\DTMW_NewColorSheet02_LULU.aspx.vb,,DTMW,DTMW\DTMW_NewColorSheet02_LULU.aspx.vb
DTMW,c:\TEMP\DTMW\DTMW_NewColorSheet02_OverSeaYKK.aspx.vb,,DTMW,DTMW\DTMW_NewColorSheet02_OverSeaYKK.aspx.vb
DTMW,c:\TEMP\DTMW\DTMW_NewColorSheet02_QF.aspx.vb,,DTMW,DTMW\DTMW_NewColorSheet02_QF.aspx.vb
DTMW,c:\TEMP\DTMW\DTMW_NewColorSheet02_TNF.aspx.vb,,DTMW,DTMW\DTMW_NewColorSheet02_TNF.aspx.vb
DTMW,c:\TEMP\DTMW\DTMW_NewColorSheet02_UAKIPLING.aspx.vb,,DTMW,DTMW\DTMW_NewColorSheet02_UAKIPLING.aspx.vb
DTMW,c:\TEMP\DTMW\DTMW_NewColorSheet02_UAKIPLINGDT.aspx.vb,,DTMW,DTMW\DTMW_NewColorSheet02_UAKIPLINGDT.aspx.vb
DTMW,c:\TEMP\DTMW\DTMW_NewColorSheet02_VB.aspx.vb,,DTMW,DTMW\DTMW_NewColorSheet02_VB.aspx.vb
DTMW,c:\TEMP\DTMW\DTMW_NewCommission.aspx.vb,,DTMW,DTMW\DTMW_NewCommission.aspx.vb
DTMW,c:\TEMP\DTMW\FormPicker.aspx.vb,,DTMW,DTMW\FormPicker.aspx.vb
DTMW,c:\TEMP\DTMW\IEQuestion.aspx.vb,,DTMW,DTMW\IEQuestion.aspx.vb
DTMW,c:\TEMP\DTMW\NewColoCompleteList.aspx.vb,,DTMW,DTMW\NewColoCompleteList.aspx.vb
DTMW,c:\TEMP\DTMW\NewColorAgainList.aspx.vb,,DTMW,DTMW\NewColorAgainList.aspx.vb
DTMW,c:\TEMP\DTMW\NewColorDTSheetList.aspx.vb,,DTMW,DTMW\NewColorDTSheetList.aspx.vb
DTMW,c:\TEMP\DTMW\StsPicker.aspx.vb,,DTMW,DTMW\StsPicker.aspx.vb
DTMW,c:\TEMP\DTMW\UpdateDTMData.aspx.vb,,DTMW,DTMW\UpdateDTMData.aspx.vb
DTMW,c:\TEMP\DTMW\YKKColorCodeList.aspx.vb,,DTMW,DTMW\YKKColorCodeList.aspx.vb
DTMW,c:\TEMP\DTMW\YKKColorCodeListUAKIPLING.aspx.vb,,DTMW,DTMW\YKKColorCodeListUAKIPLING.aspx.vb
DTMW,c:\TEMP\DTMW\YKKColorList.aspx.vb,,DTMW,DTMW\YKKColorList.aspx.vb
DTMW,c:\TEMP\DTMW\YKKColorShow.aspx.vb,,DTMW,DTMW\YKKColorShow.aspx.vb
DTMW,c:\TEMP\DTMW\App_Code\ForProject.vb,,DTMW,DTMW\App_Code\ForProject.vb
DTMW,c:\TEMP\DTMW\App_Code\Utility.vb,,DTMW,DTMW\App_Code\Utility.vb
DTMW,c:\TEMP\DTMW\App_Code\YKK_SPDClass.vb,,DTMW,DTMW\App_Code\YKK_SPDClass.vb
EApproval,c:\TEMP\EApproval\DatePicker1.aspx.vb,,EApproval,EApproval\DatePicker1.aspx.vb
EApproval,c:\TEMP\EApproval\Default.aspx.vb,,EApproval,EApproval\Default.aspx.vb
EApproval,c:\TEMP\EApproval\EApprovalinqCommission.aspx.vb,,EApproval,EApproval\EApprovalinqCommission.aspx.vb
EApproval,c:\TEMP\EApproval\EApprovalRDinqCommission.aspx.vb,,EApproval,EApproval\EApprovalRDinqCommission.aspx.vb
EApproval,c:\TEMP\EApproval\EApprovalRDSchedule.aspx.vb,,EApproval,EApproval\EApprovalRDSchedule.aspx.vb
EApproval,c:\TEMP\EApproval\EApprovalRDScheduleAll.aspx.vb,,EApproval,EApproval\EApprovalRDScheduleAll.aspx.vb
EApproval,c:\TEMP\EApproval\EApprovalRDSheet_01.aspx.vb,,EApproval,EApproval\EApprovalRDSheet_01.aspx.vb
EApproval,c:\TEMP\EApproval\EApprovalRDSheet_02.aspx.vb,,EApproval,EApproval\EApprovalRDSheet_02.aspx.vb
EApproval,c:\TEMP\EApproval\EApprovalSchedule.aspx.vb,,EApproval,EApproval\EApprovalSchedule.aspx.vb
EApproval,c:\TEMP\EApproval\EApprovalScheduleAll.aspx.vb,,EApproval,EApproval\EApprovalScheduleAll.aspx.vb
EApproval,c:\TEMP\EApproval\EApprovalSheet_01.aspx.vb,,EApproval,EApproval\EApprovalSheet_01.aspx.vb
EApproval,c:\TEMP\EApproval\EApprovalSheet_02.aspx.vb,,EApproval,EApproval\EApprovalSheet_02.aspx.vb
EApproval,c:\TEMP\EApproval\App_Code\ForProject.vb,,EApproval,EApproval\App_Code\ForProject.vb
EApproval,c:\TEMP\EApproval\App_Code\Utility.vb,,EApproval,EApproval\App_Code\Utility.vb
EApproval,c:\TEMP\EApproval\App_Code\YKK_SPDClass.vb,,EApproval,EApproval\App_Code\YKK_SPDClass.vb
EDI,c:\TEMP\EDI\ActionHistory.aspx.vb,,EDI,EDI\ActionHistory.aspx.vb
EDI,c:\TEMP\EDI\AutoMaterialExpansion.aspx.vb,,EDI,EDI\AutoMaterialExpansion.aspx.vb
EDI,c:\TEMP\EDI\AutoPedingFinal.aspx.vb,,EDI,EDI\AutoPedingFinal.aspx.vb
EDI,c:\TEMP\EDI\AutoXml2Excel.aspx.vb,,EDI,EDI\AutoXml2Excel.aspx.vb
EDI,c:\TEMP\EDI\CloseSystem.aspx.vb,,EDI,EDI\CloseSystem.aspx.vb
EDI,c:\TEMP\EDI\ColorInquiry.aspx.vb,,EDI,EDI\ColorInquiry.aspx.vb
EDI,c:\TEMP\EDI\COLUMBIABYFlow.aspx.vb,,EDI,EDI\COLUMBIABYFlow.aspx.vb
EDI,c:\TEMP\EDI\DataList.aspx.vb,,EDI,EDI\DataList.aspx.vb
EDI,c:\TEMP\EDI\Default.aspx.vb,,EDI,EDI\Default.aspx.vb
EDI,c:\TEMP\EDI\Default2.aspx.vb,,EDI,EDI\Default2.aspx.vb
EDI,c:\TEMP\EDI\EDIFlow.aspx.vb,,EDI,EDI\EDIFlow.aspx.vb
EDI,c:\TEMP\EDI\eKPIMenu.aspx.vb,,EDI,EDI\eKPIMenu.aspx.vb
EDI,c:\TEMP\EDI\EOESMenu.aspx.vb,,EDI,EDI\EOESMenu.aspx.vb
EDI,c:\TEMP\EDI\FASBYCheckPlanQty.aspx.vb,,EDI,EDI\FASBYCheckPlanQty.aspx.vb
EDI,c:\TEMP\EDI\FASBYCheckSumQty.aspx.vb,,EDI,EDI\FASBYCheckSumQty.aspx.vb
EDI,c:\TEMP\EDI\FASBYFlow.aspx.vb,,EDI,EDI\FASBYFlow.aspx.vb
EDI,c:\TEMP\EDI\FASBYStatusList.aspx.vb,,EDI,EDI\FASBYStatusList.aspx.vb
EDI,c:\TEMP\EDI\FASFlow.aspx.vb,,EDI,EDI\FASFlow.aspx.vb
EDI,c:\TEMP\EDI\GESSMenu.aspx.vb,,EDI,EDI\GESSMenu.aspx.vb
EDI,c:\TEMP\EDI\InfCustomerOrder.aspx.vb,,EDI,EDI\InfCustomerOrder.aspx.vb
EDI,c:\TEMP\EDI\InfCustPOList.aspx.vb,,EDI,EDI\InfCustPOList.aspx.vb
EDI,c:\TEMP\EDI\InfDSJobList.aspx.vb,,EDI,EDI\InfDSJobList.aspx.vb
EDI,c:\TEMP\EDI\InfF_FCTACTAlertList.aspx.vb,,EDI,EDI\InfF_FCTACTAlertList.aspx.vb
EDI,c:\TEMP\EDI\InfF_FCTACTAnalysis.aspx.vb,,EDI,EDI\InfF_FCTACTAnalysis.aspx.vb
EDI,c:\TEMP\EDI\InfF_FCTACTAnalysis_01.aspx.vb,,EDI,EDI\InfF_FCTACTAnalysis_01.aspx.vb
EDI,c:\TEMP\EDI\InfF_FCTACTAnalysis_01a.aspx.vb,,EDI,EDI\InfF_FCTACTAnalysis_01a.aspx.vb
EDI,c:\TEMP\EDI\InfF_FCTACTAnalysis_02.aspx.vb,,EDI,EDI\InfF_FCTACTAnalysis_02.aspx.vb
EDI,c:\TEMP\EDI\InfF_FCTACTAnalysis_03.aspx.vb,,EDI,EDI\InfF_FCTACTAnalysis_03.aspx.vb
EDI,c:\TEMP\EDI\InfF_FCTACTAnalysis_03a.aspx.vb,,EDI,EDI\InfF_FCTACTAnalysis_03a.aspx.vb
EDI,c:\TEMP\EDI\InfF_FCTACTVDPAnalysis.aspx.vb,,EDI,EDI\InfF_FCTACTVDPAnalysis.aspx.vb
EDI,c:\TEMP\EDI\InfF_FCTACTVDPAnalysis_01.aspx.vb,,EDI,EDI\InfF_FCTACTVDPAnalysis_01.aspx.vb
EDI,c:\TEMP\EDI\InfF_FCTACTVDPAnalysis_02.aspx.vb,,EDI,EDI\InfF_FCTACTVDPAnalysis_02.aspx.vb
EDI,c:\TEMP\EDI\InfF_FCTACTVDPAnalysis_02a.aspx.vb,,EDI,EDI\InfF_FCTACTVDPAnalysis_02a.aspx.vb
EDI,c:\TEMP\EDI\InfF_FCTACTVDPAnalysis_03.aspx.vb,,EDI,EDI\InfF_FCTACTVDPAnalysis_03.aspx.vb
EDI,c:\TEMP\EDI\InfF_FCTACTVDPAnalysis_04.aspx.vb,,EDI,EDI\InfF_FCTACTVDPAnalysis_04.aspx.vb
EDI,c:\TEMP\EDI\InfF_FCTAnalysis.aspx.vb,,EDI,EDI\InfF_FCTAnalysis.aspx.vb
EDI,c:\TEMP\EDI\InfF_FCTAnalysis_01.aspx.vb,,EDI,EDI\InfF_FCTAnalysis_01.aspx.vb
EDI,c:\TEMP\EDI\InfF_FCTAnalysis_02.aspx.vb,,EDI,EDI\InfF_FCTAnalysis_02.aspx.vb
EDI,c:\TEMP\EDI\InfF_OrderProgress.aspx.vb,,EDI,EDI\InfF_OrderProgress.aspx.vb
EDI,c:\TEMP\EDI\InfF_StockProdFreeList.aspx.vb,,EDI,EDI\InfF_StockProdFreeList.aspx.vb
EDI,c:\TEMP\EDI\InfF_StockProdList.aspx.vb,,EDI,EDI\InfF_StockProdList.aspx.vb
EDI,c:\TEMP\EDI\InfF_TraceLSOrder.aspx.vb,,EDI,EDI\InfF_TraceLSOrder.aspx.vb
EDI,c:\TEMP\EDI\InfF_VDPErrorList.aspx.vb,,EDI,EDI\InfF_VDPErrorList.aspx.vb
EDI,c:\TEMP\EDI\InfF_VDPErrorMaint.aspx.vb,,EDI,EDI\InfF_VDPErrorMaint.aspx.vb
EDI,c:\TEMP\EDI\InfOrderProgress.aspx.vb,,EDI,EDI\InfOrderProgress.aspx.vb
EDI,c:\TEMP\EDI\InfPackingList.aspx.vb,,EDI,EDI\InfPackingList.aspx.vb
EDI,c:\TEMP\EDI\InfPackingList_01.aspx.vb,,EDI,EDI\InfPackingList_01.aspx.vb
EDI,c:\TEMP\EDI\InfPriceList.aspx.vb,,EDI,EDI\InfPriceList.aspx.vb
EDI,c:\TEMP\EDI\InfQMIJobList.aspx.vb,,EDI,EDI\InfQMIJobList.aspx.vb
EDI,c:\TEMP\EDI\InfSCIJobList.aspx.vb,,EDI,EDI\InfSCIJobList.aspx.vb
EDI,c:\TEMP\EDI\ItemCheck.aspx.vb,,EDI,EDI\ItemCheck.aspx.vb
EDI,c:\TEMP\EDI\ItemInquiry.aspx.vb,,EDI,EDI\ItemInquiry.aspx.vb
EDI,c:\TEMP\EDI\NIKEBYFlow.aspx.vb,,EDI,EDI\NIKEBYFlow.aspx.vb
EDI,c:\TEMP\EDI\OpenPOPicker.aspx.vb,,EDI,EDI\OpenPOPicker.aspx.vb
EDI,c:\TEMP\EDI\OrderDataList.aspx.vb,,EDI,EDI\OrderDataList.aspx.vb
EDI,c:\TEMP\EDI\SPActionPlan_01.aspx.vb,,EDI,EDI\SPActionPlan_01.aspx.vb
EDI,c:\TEMP\EDI\SPActionPlan_02.aspx.vb,,EDI,EDI\SPActionPlan_02.aspx.vb
EDI,c:\TEMP\EDI\SPActionPlan_03.aspx.vb,,EDI,EDI\SPActionPlan_03.aspx.vb
EDI,c:\TEMP\EDI\SPHttp2File.aspx.vb,,EDI,EDI\SPHttp2File.aspx.vb
EDI,c:\TEMP\EDI\SPSActionHistory.aspx.vb,,EDI,EDI\SPSActionHistory.aspx.vb
EDI,c:\TEMP\EDI\SP_ControlRecordLog.aspx.vb,,EDI,EDI\SP_ControlRecordLog.aspx.vb
EDI,c:\TEMP\EDI\SP_MaterialMenu.aspx.vb,,EDI,EDI\SP_MaterialMenu.aspx.vb
EDI,c:\TEMP\EDI\SP_MaterialMenu_Excel.aspx.vb,,EDI,EDI\SP_MaterialMenu_Excel.aspx.vb
EDI,c:\TEMP\EDI\SP_ShoppingListInf.aspx.vb,,EDI,EDI\SP_ShoppingListInf.aspx.vb
EDI,c:\TEMP\EDI\TNFBYFlow.aspx.vb,,EDI,EDI\TNFBYFlow.aspx.vb
EDI,c:\TEMP\EDI\UNDERARMOURBYFlow.aspx.vb,,EDI,EDI\UNDERARMOURBYFlow.aspx.vb
EDI,c:\TEMP\EDI\VendorFlow.aspx.vb,,EDI,EDI\VendorFlow.aspx.vb
EDI,c:\TEMP\EDI\Xml2Excel.aspx.vb,,EDI,EDI\Xml2Excel.aspx.vb
EDI,c:\TEMP\EDI\App_Code\ForProject.vb,,EDI,EDI\App_Code\ForProject.vb
EDI,c:\TEMP\EDI\App_Code\Utility.vb,,EDI,EDI\App_Code\Utility.vb
EDIService,c:\TEMP\EDIService\Default.aspx.vb,,EDIService,EDIService\Default.aspx.vb
EDIService,c:\TEMP\EDIService\App_Code\CommonService.vb,,EDIService,EDIService\App_Code\CommonService.vb
EDIService,c:\TEMP\EDIService\App_Code\FCommonService.vb,,EDIService,EDIService\App_Code\FCommonService.vb
EDIService,c:\TEMP\EDIService\App_Code\FMappingService.vb,,EDIService,EDIService\App_Code\FMappingService.vb
EDIService,c:\TEMP\EDIService\App_Code\ForProject.vb,,EDIService,EDIService\App_Code\ForProject.vb
EDIService,c:\TEMP\EDIService\App_Code\MappingService.vb,,EDIService,EDIService\App_Code\MappingService.vb
EDIService,c:\TEMP\EDIService\App_Code\Utility.vb,,EDIService,EDIService\App_Code\Utility.vb
edLink,c:\TEMP\edLink\CategoriPicker.aspx.vb,,edLink,edLink\CategoriPicker.aspx.vb
edLink,c:\TEMP\edLink\Default.aspx.vb,,edLink,edLink\Default.aspx.vb
edLink,c:\TEMP\edLink\EDLMenu.aspx.vb,,edLink,edLink\EDLMenu.aspx.vb
edLink,c:\TEMP\edLink\INQ_CustomerGroup.aspx.vb,,edLink,edLink\INQ_CustomerGroup.aspx.vb
edLink,c:\TEMP\edLink\INQ_CustomerGroupHistory.aspx.vb,,edLink,edLink\INQ_CustomerGroupHistory.aspx.vb
edLink,c:\TEMP\edLink\INQ_MailCustomerGroup.aspx.vb,,edLink,edLink\INQ_MailCustomerGroup.aspx.vb
edLink,c:\TEMP\edLink\INQ_MailCustomerGroupHistory.aspx.vb,,edLink,edLink\INQ_MailCustomerGroupHistory.aspx.vb
edLink,c:\TEMP\edLink\INQ_OPEnt2Etd.aspx.vb,,edLink,edLink\INQ_OPEnt2Etd.aspx.vb
edLink,c:\TEMP\edLink\INQ_OPEnt2Etd_01.aspx.vb,,edLink,edLink\INQ_OPEnt2Etd_01.aspx.vb
edLink,c:\TEMP\edLink\INQ_ReportCustomerGroup.aspx.vb,,edLink,edLink\INQ_ReportCustomerGroup.aspx.vb
edLink,c:\TEMP\edLink\INQ_ReportCustomerGroupHistory.aspx.vb,,edLink,edLink\INQ_ReportCustomerGroupHistory.aspx.vb
edLink,c:\TEMP\edLink\INQ_ReqDateReport.aspx.vb,,edLink,edLink\INQ_ReqDateReport.aspx.vb
edLink,c:\TEMP\edLink\INQ_SystemConfig.aspx.vb,,edLink,edLink\INQ_SystemConfig.aspx.vb
edLink,c:\TEMP\edLink\OPPIMenu.aspx.vb,,edLink,edLink\OPPIMenu.aspx.vb
edLink,c:\TEMP\edLink\App_Code\ForProject.vb,,edLink,edLink\App_Code\ForProject.vb
edLink,c:\TEMP\edLink\App_Code\Utility.vb,,edLink,edLink\App_Code\Utility.vb
FAS,c:\TEMP\FAS\DatePicker.aspx.vb,,FAS,FAS\DatePicker.aspx.vb
FAS,c:\TEMP\FAS\DatePicker1.aspx.vb,,FAS,FAS\DatePicker1.aspx.vb
FAS,c:\TEMP\FAS\Default.aspx.vb,,FAS,FAS\Default.aspx.vb
FAS,c:\TEMP\FAS\FASSheet_01.aspx.vb,,FAS,FAS\FASSheet_01.aspx.vb
FAS,c:\TEMP\FAS\FASSheet_02.aspx.vb,,FAS,FAS\FASSheet_02.aspx.vb
FAS,c:\TEMP\FAS\FCDataList.aspx.vb,,FAS,FAS\FCDataList.aspx.vb
FAS,c:\TEMP\FAS\InqCommission.aspx.vb,,FAS,FAS\InqCommission.aspx.vb
FAS,c:\TEMP\FAS\NewCommission.aspx.vb,,FAS,FAS\NewCommission.aspx.vb
FAS,c:\TEMP\FAS\App_Code\ForProject.vb,,FAS,FAS\App_Code\ForProject.vb
FAS,c:\TEMP\FAS\App_Code\Utility.vb,,FAS,FAS\App_Code\Utility.vb
FAS,c:\TEMP\FAS\App_Code\YKK_SPDClass.vb,,FAS,FAS\App_Code\YKK_SPDClass.vb
ISOS,c:\TEMP\ISOS\Default.aspx.vb,,ISOS,ISOS\Default.aspx.vb
ISOS,c:\TEMP\ISOS\FindItemImagePage.aspx.vb,,ISOS,ISOS\FindItemImagePage.aspx.vb
ISOS,c:\TEMP\ISOS\FindItemPage.aspx.vb,,ISOS,ISOS\FindItemPage.aspx.vb
ISOS,c:\TEMP\ISOS\FindItemPageNike.aspx.vb,,ISOS,ISOS\FindItemPageNike.aspx.vb
ISOS,c:\TEMP\ISOS\ISOS2FAS.aspx.vb,,ISOS,ISOS\ISOS2FAS.aspx.vb
ISOS,c:\TEMP\ISOS\ISOS2FAS_AFItemColor_01.aspx.vb,,ISOS,ISOS\ISOS2FAS_AFItemColor_01.aspx.vb
ISOS,c:\TEMP\ISOS\ISOS2FAS_AFItem_01.aspx.vb,,ISOS,ISOS\ISOS2FAS_AFItem_01.aspx.vb
ISOS,c:\TEMP\ISOS\ISOS2FAS_AFMain.aspx.vb,,ISOS,ISOS\ISOS2FAS_AFMain.aspx.vb
ISOS,c:\TEMP\ISOS\ISOS2IRW.aspx.vb,,ISOS,ISOS\ISOS2IRW.aspx.vb
ISOS,c:\TEMP\ISOS\ISOS2ISIP.aspx.vb,,ISOS,ISOS\ISOS2ISIP.aspx.vb
ISOS,c:\TEMP\ISOS\PS_INQ_Color01.aspx.vb,,ISOS,ISOS\PS_INQ_Color01.aspx.vb
ISOS,c:\TEMP\ISOS\PS_INQ_COMBI01.aspx.vb,,ISOS,ISOS\PS_INQ_COMBI01.aspx.vb
ISOS,c:\TEMP\ISOS\PS_INQ_Item01.aspx.vb,,ISOS,ISOS\PS_INQ_Item01.aspx.vb
ISOS,c:\TEMP\ISOS\PS_INQ_Item03.aspx.vb,,ISOS,ISOS\PS_INQ_Item03.aspx.vb
ISOS,c:\TEMP\ISOS\PS_INQ_ListPrice01.aspx.vb,,ISOS,ISOS\PS_INQ_ListPrice01.aspx.vb
ISOS,c:\TEMP\ISOS\PS_INQ_ListPrice03.aspx.vb,,ISOS,ISOS\PS_INQ_ListPrice03.aspx.vb
ISOS,c:\TEMP\ISOS\PS_INQ_ListPrice04.aspx.vb,,ISOS,ISOS\PS_INQ_ListPrice04.aspx.vb
ISOS,c:\TEMP\ISOS\PS_INQ_OpenFile.aspx.vb,,ISOS,ISOS\PS_INQ_OpenFile.aspx.vb
ISOS,c:\TEMP\ISOS\PS_INQ_ReplaceColor01.aspx.vb,,ISOS,ISOS\PS_INQ_ReplaceColor01.aspx.vb
ISOS,c:\TEMP\ISOS\PS_INQ_ReplaceItem01.aspx.vb,,ISOS,ISOS\PS_INQ_ReplaceItem01.aspx.vb
ISOS,c:\TEMP\ISOS\PS_INQ_Special01.aspx.vb,,ISOS,ISOS\PS_INQ_Special01.aspx.vb
ISOS,c:\TEMP\ISOS\PS_INQ_UpdateMark.aspx.vb,,ISOS,ISOS\PS_INQ_UpdateMark.aspx.vb
ISOS,c:\TEMP\ISOS\PS_MENU.aspx.vb,,ISOS,ISOS\PS_MENU.aspx.vb
ISOS,c:\TEMP\ISOS\SliderImageMain.aspx.vb,,ISOS,ISOS\SliderImageMain.aspx.vb
ISOS,c:\TEMP\ISOS\App_Code\ForProject.vb,,ISOS,ISOS\App_Code\ForProject.vb
ISOS,c:\TEMP\ISOS\App_Code\Utility.vb,,ISOS,ISOS\App_Code\Utility.vb
ISOSQC,c:\TEMP\ISOSQC\AddItemList.aspx.vb,,ISOSQC,ISOSQC\AddItemList.aspx.vb
ISOSQC,c:\TEMP\ISOSQC\AdminMenu.aspx.vb,,ISOSQC,ISOSQC\AdminMenu.aspx.vb
ISOSQC,c:\TEMP\ISOSQC\AdvencedImages.aspx.vb,,ISOSQC,ISOSQC\AdvencedImages.aspx.vb
ISOSQC,c:\TEMP\ISOSQC\AdvencedImagesData.aspx.vb,,ISOSQC,ISOSQC\AdvencedImagesData.aspx.vb
ISOSQC,c:\TEMP\ISOSQC\ApproveNoList.aspx.vb,,ISOSQC,ISOSQC\ApproveNoList.aspx.vb
ISOSQC,c:\TEMP\ISOSQC\AutoDRR.aspx.vb,,ISOSQC,ISOSQC\AutoDRR.aspx.vb
ISOSQC,c:\TEMP\ISOSQC\BackupList.aspx.vb,,ISOSQC,ISOSQC\BackupList.aspx.vb
ISOSQC,c:\TEMP\ISOSQC\BatchQAApprov.aspx.vb,,ISOSQC,ISOSQC\BatchQAApprov.aspx.vb
ISOSQC,c:\TEMP\ISOSQC\BodyList.aspx.vb,,ISOSQC,ISOSQC\BodyList.aspx.vb
ISOSQC,c:\TEMP\ISOSQC\BuyerList.aspx.vb,,ISOSQC,ISOSQC\BuyerList.aspx.vb
ISOSQC,c:\TEMP\ISOSQC\ColorJump.aspx.vb,,ISOSQC,ISOSQC\ColorJump.aspx.vb
ISOSQC,c:\TEMP\ISOSQC\ColorNoDuplicate.aspx.vb,,ISOSQC,ISOSQC\ColorNoDuplicate.aspx.vb
ISOSQC,c:\TEMP\ISOSQC\CombineList.aspx.vb,,ISOSQC,ISOSQC\CombineList.aspx.vb
ISOSQC,c:\TEMP\ISOSQC\CopyEdxFile.aspx.vb,,ISOSQC,ISOSQC\CopyEdxFile.aspx.vb
ISOSQC,c:\TEMP\ISOSQC\CopyQA.aspx.vb,,ISOSQC,ISOSQC\CopyQA.aspx.vb
ISOSQC,c:\TEMP\ISOSQC\CustomerList.aspx.vb,,ISOSQC,ISOSQC\CustomerList.aspx.vb
ISOSQC,c:\TEMP\ISOSQC\DatePicker1.aspx.vb,,ISOSQC,ISOSQC\DatePicker1.aspx.vb
ISOSQC,c:\TEMP\ISOSQC\Default.aspx.vb,,ISOSQC,ISOSQC\Default.aspx.vb
ISOSQC,c:\TEMP\ISOSQC\DeplicatPuller.aspx.vb,,ISOSQC,ISOSQC\DeplicatPuller.aspx.vb
ISOSQC,c:\TEMP\ISOSQC\Drop.aspx.vb,,ISOSQC,ISOSQC\Drop.aspx.vb
ISOSQC,c:\TEMP\ISOSQC\EdxINoticePage.aspx.vb,,ISOSQC,ISOSQC\EdxINoticePage.aspx.vb
ISOSQC,c:\TEMP\ISOSQC\Http2File.aspx.vb,,ISOSQC,ISOSQC\Http2File.aspx.vb
ISOSQC,c:\TEMP\ISOSQC\ISIP2EDX.aspx.vb,,ISOSQC,ISOSQC\ISIP2EDX.aspx.vb
ISOSQC,c:\TEMP\ISOSQC\ISIP2IRW.aspx.vb,,ISOSQC,ISOSQC\ISIP2IRW.aspx.vb
ISOSQC,c:\TEMP\ISOSQC\ISIP2RD.aspx.vb,,ISOSQC,ISOSQC\ISIP2RD.aspx.vb
ISOSQC,c:\TEMP\ISOSQC\ISIPNotRegister.aspx.vb,,ISOSQC,ISOSQC\ISIPNotRegister.aspx.vb
ISOSQC,c:\TEMP\ISOSQC\MagApplyHistory.aspx.vb,,ISOSQC,ISOSQC\MagApplyHistory.aspx.vb
ISOSQC,c:\TEMP\ISOSQC\ManyBuyer.aspx.vb,,ISOSQC,ISOSQC\ManyBuyer.aspx.vb
ISOSQC,c:\TEMP\ISOSQC\ManySupplier.aspx.vb,,ISOSQC,ISOSQC\ManySupplier.aspx.vb
ISOSQC,c:\TEMP\ISOSQC\ManySupplierList.aspx.vb,,ISOSQC,ISOSQC\ManySupplierList.aspx.vb
ISOSQC,c:\TEMP\ISOSQC\ModItemList.aspx.vb,,ISOSQC,ISOSQC\ModItemList.aspx.vb
ISOSQC,c:\TEMP\ISOSQC\ModNoList.aspx.vb,,ISOSQC,ISOSQC\ModNoList.aspx.vb
ISOSQC,c:\TEMP\ISOSQC\NewAdvencedImages.aspx.vb,,ISOSQC,ISOSQC\NewAdvencedImages.aspx.vb
ISOSQC,c:\TEMP\ISOSQC\NextColorNo.aspx.vb,,ISOSQC,ISOSQC\NextColorNo.aspx.vb
ISOSQC,c:\TEMP\ISOSQC\NonRubber.aspx.vb,,ISOSQC,ISOSQC\NonRubber.aspx.vb
ISOSQC,c:\TEMP\ISOSQC\NoOrderReceiver.aspx.vb,,ISOSQC,ISOSQC\NoOrderReceiver.aspx.vb
ISOSQC,c:\TEMP\ISOSQC\NotUsedColor.aspx.vb,,ISOSQC,ISOSQC\NotUsedColor.aspx.vb
ISOSQC,c:\TEMP\ISOSQC\OldToNewNoList.aspx.vb,,ISOSQC,ISOSQC\OldToNewNoList.aspx.vb
ISOSQC,c:\TEMP\ISOSQC\OrderAmount.aspx.vb,,ISOSQC,ISOSQC\OrderAmount.aspx.vb
ISOSQC,c:\TEMP\ISOSQC\PC_ReleaseNewcolor.aspx.vb,,ISOSQC,ISOSQC\PC_ReleaseNewcolor.aspx.vb
ISOSQC,c:\TEMP\ISOSQC\PullerHistoryList.aspx.vb,,ISOSQC,ISOSQC\PullerHistoryList.aspx.vb
ISOSQC,c:\TEMP\ISOSQC\QAModScheduleAll.aspx.vb,,ISOSQC,ISOSQC\QAModScheduleAll.aspx.vb
ISOSQC,c:\TEMP\ISOSQC\QAModSheet_01.aspx.vb,,ISOSQC,ISOSQC\QAModSheet_01.aspx.vb
ISOSQC,c:\TEMP\ISOSQC\QAModSheet_02.aspx.vb,,ISOSQC,ISOSQC\QAModSheet_02.aspx.vb
ISOSQC,c:\TEMP\ISOSQC\QAResultList.aspx.vb,,ISOSQC,ISOSQC\QAResultList.aspx.vb
ISOSQC,c:\TEMP\ISOSQC\QASchedule.aspx.vb,,ISOSQC,ISOSQC\QASchedule.aspx.vb
ISOSQC,c:\TEMP\ISOSQC\QAScheduleAll.aspx.vb,,ISOSQC,ISOSQC\QAScheduleAll.aspx.vb
ISOSQC,c:\TEMP\ISOSQC\QASheet_01.aspx.vb,,ISOSQC,ISOSQC\QASheet_01.aspx.vb
ISOSQC,c:\TEMP\ISOSQC\QASheet_02.aspx.vb,,ISOSQC,ISOSQC\QASheet_02.aspx.vb
ISOSQC,c:\TEMP\ISOSQC\QCEDXList.aspx.vb,,ISOSQC,ISOSQC\QCEDXList.aspx.vb
ISOSQC,c:\TEMP\ISOSQC\QCListinqCommission.aspx.vb,,ISOSQC,ISOSQC\QCListinqCommission.aspx.vb
ISOSQC,c:\TEMP\ISOSQC\QCModListinqCommission.aspx.vb,,ISOSQC,ISOSQC\QCModListinqCommission.aspx.vb
ISOSQC,c:\TEMP\ISOSQC\RegisterAuthority.aspx.vb,,ISOSQC,ISOSQC\RegisterAuthority.aspx.vb
ISOSQC,c:\TEMP\ISOSQC\SharePuller.aspx.vb,,ISOSQC,ISOSQC\SharePuller.aspx.vb
ISOSQC,c:\TEMP\ISOSQC\ShortPuller.aspx.vb,,ISOSQC,ISOSQC\ShortPuller.aspx.vb
ISOSQC,c:\TEMP\ISOSQC\SPD2EDX.aspx.vb,,ISOSQC,ISOSQC\SPD2EDX.aspx.vb
ISOSQC,c:\TEMP\ISOSQC\SPDMMS2ISIP.aspx.vb,,ISOSQC,ISOSQC\SPDMMS2ISIP.aspx.vb
ISOSQC,c:\TEMP\ISOSQC\SPDStatusRebuild.aspx.vb,,ISOSQC,ISOSQC\SPDStatusRebuild.aspx.vb
ISOSQC,c:\TEMP\ISOSQC\StatusRebuild.aspx.vb,,ISOSQC,ISOSQC\StatusRebuild.aspx.vb
ISOSQC,c:\TEMP\ISOSQC\TWN2YOCCopyList_01.aspx.vb,,ISOSQC,ISOSQC\TWN2YOCCopyList_01.aspx.vb
ISOSQC,c:\TEMP\ISOSQC\WIPList.aspx.vb,,ISOSQC,ISOSQC\WIPList.aspx.vb
ISOSQC,c:\TEMP\ISOSQC\App_Code\ForProject.vb,,ISOSQC,ISOSQC\App_Code\ForProject.vb
ISOSQC,c:\TEMP\ISOSQC\App_Code\Utility.vb,,ISOSQC,ISOSQC\App_Code\Utility.vb
ISOSQC,c:\TEMP\ISOSQC\App_Code\YKK_SPDClass.vb,,ISOSQC,ISOSQC\App_Code\YKK_SPDClass.vb
ISOSQC,c:\TEMP\ISOSQC\App_WebReferences\CustomerList.aspx.vb,,ISOSQC,ISOSQC\App_WebReferences\CustomerList.aspx.vb
ISOSSP,c:\TEMP\ISOSSP\Default.aspx.vb,,ISOSSP,ISOSSP\Default.aspx.vb
ISOSSP,c:\TEMP\ISOSSP\SPWingsOrder.aspx.vb,,ISOSSP,ISOSSP\SPWingsOrder.aspx.vb
ISOSSP,c:\TEMP\ISOSSP\StockProgress_01.aspx.vb,,ISOSSP,ISOSSP\StockProgress_01.aspx.vb
ISOSSP,c:\TEMP\ISOSSP\App_Code\ForProject.vb,,ISOSSP,ISOSSP\App_Code\ForProject.vb
ISOSSP,c:\TEMP\ISOSSP\App_Code\Utility.vb,,ISOSSP,ISOSSP\App_Code\Utility.vb
ISOSSP,c:\TEMP\ISOSSP\App_Code\YKK_SPDClass.vb,,ISOSSP,ISOSSP\App_Code\YKK_SPDClass.vb
ItemRegister,c:\TEMP\ItemRegister\3S_CaseReviewSheet_01.aspx.vb,,ItemRegister,ItemRegister\3S_CaseReviewSheet_01.aspx.vb
ItemRegister,c:\TEMP\ItemRegister\3S_CaseReviewSheet_02.aspx.vb,,ItemRegister,ItemRegister\3S_CaseReviewSheet_02.aspx.vb
ItemRegister,c:\TEMP\ItemRegister\AutoFlowControl.aspx.vb,,ItemRegister,ItemRegister\AutoFlowControl.aspx.vb
ItemRegister,c:\TEMP\ItemRegister\AutoItemRequest.aspx.vb,,ItemRegister,ItemRegister\AutoItemRequest.aspx.vb
ItemRegister,c:\TEMP\ItemRegister\BuyerList.aspx.vb,,ItemRegister,ItemRegister\BuyerList.aspx.vb
ItemRegister,c:\TEMP\ItemRegister\CkLimitedPage.aspx.vb,,ItemRegister,ItemRegister\CkLimitedPage.aspx.vb
ItemRegister,c:\TEMP\ItemRegister\CustomerList.aspx.vb,,ItemRegister,ItemRegister\CustomerList.aspx.vb
ItemRegister,c:\TEMP\ItemRegister\DatePicker.aspx.vb,,ItemRegister,ItemRegister\DatePicker.aspx.vb
ItemRegister,c:\TEMP\ItemRegister\Default.aspx.vb,,ItemRegister,ItemRegister\Default.aspx.vb
ItemRegister,c:\TEMP\ItemRegister\EDXList01.aspx.vb,,ItemRegister,ItemRegister\EDXList01.aspx.vb
ItemRegister,c:\TEMP\ItemRegister\EMPList.aspx.vb,,ItemRegister,ItemRegister\EMPList.aspx.vb
ItemRegister,c:\TEMP\ItemRegister\FindItemPage.aspx.vb,,ItemRegister,ItemRegister\FindItemPage.aspx.vb
ItemRegister,c:\TEMP\ItemRegister\FindItemPage_01.aspx.vb,,ItemRegister,ItemRegister\FindItemPage_01.aspx.vb
ItemRegister,c:\TEMP\ItemRegister\FindSPDPage.aspx.vb,,ItemRegister,ItemRegister\FindSPDPage.aspx.vb
ItemRegister,c:\TEMP\ItemRegister\ForProject.vb,,ItemRegister,ItemRegister\ForProject.vb
ItemRegister,c:\TEMP\ItemRegister\InqCommission.aspx.vb,,ItemRegister,ItemRegister\InqCommission.aspx.vb
ItemRegister,c:\TEMP\ItemRegister\INQ_IRWSPDSlider.aspx.vb,,ItemRegister,ItemRegister\INQ_IRWSPDSlider.aspx.vb
ItemRegister,c:\TEMP\ItemRegister\INQ_SPDIRWlIST.aspx.vb,,ItemRegister,ItemRegister\INQ_SPDIRWlIST.aspx.vb
ItemRegister,c:\TEMP\ItemRegister\IRWInqItemSA01.aspx.vb,,ItemRegister,ItemRegister\IRWInqItemSA01.aspx.vb
ItemRegister,c:\TEMP\ItemRegister\IRWInqMoldCancel.aspx.vb,,ItemRegister,ItemRegister\IRWInqMoldCancel.aspx.vb
ItemRegister,c:\TEMP\ItemRegister\IRWNOActivity.aspx.vb,,ItemRegister,ItemRegister\IRWNOActivity.aspx.vb
ItemRegister,c:\TEMP\ItemRegister\IRWNOActivity01.aspx.vb,,ItemRegister,ItemRegister\IRWNOActivity01.aspx.vb
ItemRegister,c:\TEMP\ItemRegister\IRWNOActivity02.aspx.vb,,ItemRegister,ItemRegister\IRWNOActivity02.aspx.vb
ItemRegister,c:\TEMP\ItemRegister\IRWNOActivityBuyer.aspx.vb,,ItemRegister,ItemRegister\IRWNOActivityBuyer.aspx.vb
ItemRegister,c:\TEMP\ItemRegister\IRWNOActivityCust.aspx.vb,,ItemRegister,ItemRegister\IRWNOActivityCust.aspx.vb
ItemRegister,c:\TEMP\ItemRegister\IRWNOActivityCust01.aspx.vb,,ItemRegister,ItemRegister\IRWNOActivityCust01.aspx.vb
ItemRegister,c:\TEMP\ItemRegister\IRWNOActivityCust02.aspx.vb,,ItemRegister,ItemRegister\IRWNOActivityCust02.aspx.vb
ItemRegister,c:\TEMP\ItemRegister\IRWNoOrderReportSheet_01.aspx.vb,,ItemRegister,ItemRegister\IRWNoOrderReportSheet_01.aspx.vb
ItemRegister,c:\TEMP\ItemRegister\IRWNoOrderReportSheet_02.aspx.vb,,ItemRegister,ItemRegister\IRWNoOrderReportSheet_02.aspx.vb
ItemRegister,c:\TEMP\ItemRegister\IRWNoticeCount.aspx.vb,,ItemRegister,ItemRegister\IRWNoticeCount.aspx.vb
ItemRegister,c:\TEMP\ItemRegister\IRWNoticeMainPage.aspx.vb,,ItemRegister,ItemRegister\IRWNoticeMainPage.aspx.vb
ItemRegister,c:\TEMP\ItemRegister\IRWNoticePage.aspx.vb,,ItemRegister,ItemRegister\IRWNoticePage.aspx.vb
ItemRegister,c:\TEMP\ItemRegister\IRWNoticePage2310.aspx.vb,,ItemRegister,ItemRegister\IRWNoticePage2310.aspx.vb
ItemRegister,c:\TEMP\ItemRegister\IRWNoticePageRanking.aspx.vb,,ItemRegister,ItemRegister\IRWNoticePageRanking.aspx.vb
ItemRegister,c:\TEMP\ItemRegister\IRWNoticePageZip.aspx.vb,,ItemRegister,ItemRegister\IRWNoticePageZip.aspx.vb
ItemRegister,c:\TEMP\ItemRegister\IRWNoticePageZip01.aspx.vb,,ItemRegister,ItemRegister\IRWNoticePageZip01.aspx.vb
ItemRegister,c:\TEMP\ItemRegister\IRWPriceUseRate.aspx.vb,,ItemRegister,ItemRegister\IRWPriceUseRate.aspx.vb
ItemRegister,c:\TEMP\ItemRegister\IRWPriceUseRate01.aspx.vb,,ItemRegister,ItemRegister\IRWPriceUseRate01.aspx.vb
ItemRegister,c:\TEMP\ItemRegister\IRWPriceUseRate02.aspx.vb,,ItemRegister,ItemRegister\IRWPriceUseRate02.aspx.vb
ItemRegister,c:\TEMP\ItemRegister\ItemRegisterCHSheet_01.aspx.vb,,ItemRegister,ItemRegister\ItemRegisterCHSheet_01.aspx.vb
ItemRegister,c:\TEMP\ItemRegister\ItemRegisterCHSheet_02.aspx.vb,,ItemRegister,ItemRegister\ItemRegisterCHSheet_02.aspx.vb
ItemRegister,c:\TEMP\ItemRegister\ItemRegisterFSLDSheet_01.aspx.vb,,ItemRegister,ItemRegister\ItemRegisterFSLDSheet_01.aspx.vb
ItemRegister,c:\TEMP\ItemRegister\ItemRegisterFSLDSheet_02.aspx.vb,,ItemRegister,ItemRegister\ItemRegisterFSLDSheet_02.aspx.vb
ItemRegister,c:\TEMP\ItemRegister\ItemRegisterSheet_01.aspx.vb,,ItemRegister,ItemRegister\ItemRegisterSheet_01.aspx.vb
ItemRegister,c:\TEMP\ItemRegister\ItemRegisterSheet_02.aspx.vb,,ItemRegister,ItemRegister\ItemRegisterSheet_02.aspx.vb
ItemRegister,c:\TEMP\ItemRegister\ItemRegisterSheet_03.aspx - 複製.vb,,ItemRegister,ItemRegister\ItemRegisterSheet_03.aspx - 複製.vb
ItemRegister,c:\TEMP\ItemRegister\ItemRegisterSheet_03.aspx.vb,,ItemRegister,ItemRegister\ItemRegisterSheet_03.aspx.vb
ItemRegister,c:\TEMP\ItemRegister\ItemRegisterSheet_CheckRule.aspx.vb,,ItemRegister,ItemRegister\ItemRegisterSheet_CheckRule.aspx.vb
ItemRegister,c:\TEMP\ItemRegister\ItemRegisterSLDSheet_01.aspx.vb,,ItemRegister,ItemRegister\ItemRegisterSLDSheet_01.aspx.vb
ItemRegister,c:\TEMP\ItemRegister\ItemRegisterSLDSheet_02.aspx.vb,,ItemRegister,ItemRegister\ItemRegisterSLDSheet_02.aspx.vb
ItemRegister,c:\TEMP\ItemRegister\ItemRegisterZIPSheet_01.aspx.vb,,ItemRegister,ItemRegister\ItemRegisterZIPSheet_01.aspx.vb
ItemRegister,c:\TEMP\ItemRegister\ItemRegisterZIPSheet_02.aspx.vb,,ItemRegister,ItemRegister\ItemRegisterZIPSheet_02.aspx.vb
ItemRegister,c:\TEMP\ItemRegister\ItemRequest_01.aspx.vb,,ItemRegister,ItemRegister\ItemRequest_01.aspx.vb
ItemRegister,c:\TEMP\ItemRegister\ItemRequest_02.aspx.vb,,ItemRegister,ItemRegister\ItemRequest_02.aspx.vb
ItemRegister,c:\TEMP\ItemRegister\ItemValuationSheet_01.aspx.vb,,ItemRegister,ItemRegister\ItemValuationSheet_01.aspx.vb
ItemRegister,c:\TEMP\ItemRegister\NewCommission.aspx.vb,,ItemRegister,ItemRegister\NewCommission.aspx.vb
ItemRegister,c:\TEMP\ItemRegister\OR2PR.aspx.vb,,ItemRegister,ItemRegister\OR2PR.aspx.vb
ItemRegister,c:\TEMP\ItemRegister\OR2PR2.aspx.vb,,ItemRegister,ItemRegister\OR2PR2.aspx.vb
ItemRegister,c:\TEMP\ItemRegister\OR2PRforVF.aspx.vb,,ItemRegister,ItemRegister\OR2PRforVF.aspx.vb
ItemRegister,c:\TEMP\ItemRegister\OrderBuyerPriceCheckList.aspx.vb,,ItemRegister,ItemRegister\OrderBuyerPriceCheckList.aspx.vb
ItemRegister,c:\TEMP\ItemRegister\PriceInforSheet_01.aspx.vb,,ItemRegister,ItemRegister\PriceInforSheet_01.aspx.vb
ItemRegister,c:\TEMP\ItemRegister\PriceInforSheet_02.aspx.vb,,ItemRegister,ItemRegister\PriceInforSheet_02.aspx.vb
ItemRegister,c:\TEMP\ItemRegister\StatusList.aspx.vb,,ItemRegister,ItemRegister\StatusList.aspx.vb
ItemRegister,c:\TEMP\ItemRegister\WaitHandle_IRW.aspx.vb,,ItemRegister,ItemRegister\WaitHandle_IRW.aspx.vb
ItemRegister,c:\TEMP\ItemRegister\App_Code\ForProject.vb,,ItemRegister,ItemRegister\App_Code\ForProject.vb
ItemRegister,c:\TEMP\ItemRegister\App_Code\Utility.vb,,ItemRegister,ItemRegister\App_Code\Utility.vb
ItemRegister,c:\TEMP\ItemRegister\App_Code\YKK_SPDClass.vb,,ItemRegister,ItemRegister\App_Code\YKK_SPDClass.vb
ITM,c:\TEMP\ITM\DatePicker.aspx.vb,,ITM,ITM\DatePicker.aspx.vb
ITM,c:\TEMP\ITM\MonthReport.aspx.vb,,ITM,ITM\MonthReport.aspx.vb
ITM,c:\TEMP\ITM\NewCommission.aspx.vb,,ITM,ITM\NewCommission.aspx.vb
ITM,c:\TEMP\ITM\NewReport.aspx.vb,,ITM,ITM\NewReport.aspx.vb
ITM,c:\TEMP\ITM\WeekReport.aspx.vb,,ITM,ITM\WeekReport.aspx.vb
ITM,c:\TEMP\ITM\App_Code\ForProject.vb,,ITM,ITM\App_Code\ForProject.vb
ITM,c:\TEMP\ITM\App_Code\Utility.vb,,ITM,ITM\App_Code\Utility.vb
ITM,c:\TEMP\ITM\App_Code\YKK_Class.vb,,ITM,ITM\App_Code\YKK_Class.vb
ITM,c:\TEMP\ITM\App_Code\YKK_SPDClass.vb,,ITM,ITM\App_Code\YKK_SPDClass.vb
MPM,c:\TEMP\MPM\DatePicker.aspx.vb,,MPM,MPM\DatePicker.aspx.vb
MPM,c:\TEMP\MPM\DivisionEmpList.aspx.vb,,MPM,MPM\DivisionEmpList.aspx.vb
MPM,c:\TEMP\MPM\MPMMarquee.aspx.vb,,MPM,MPM\MPMMarquee.aspx.vb
MPM,c:\TEMP\MPM\MPMMarqueeList.aspx.vb,,MPM,MPM\MPMMarqueeList.aspx.vb
MPM,c:\TEMP\MPM\MPMProcessesAutoReport_01.aspx.vb,,MPM,MPM\MPMProcessesAutoReport_01.aspx.vb
MPM,c:\TEMP\MPM\MPMProcessesRecord.aspx.vb,,MPM,MPM\MPMProcessesRecord.aspx.vb
MPM,c:\TEMP\MPM\MPMProcessesReport_01.aspx.vb,,MPM,MPM\MPMProcessesReport_01.aspx.vb
MPM,c:\TEMP\MPM\MPMProcessesReport_02.aspx.vb,,MPM,MPM\MPMProcessesReport_02.aspx.vb
MPM,c:\TEMP\MPM\MPMProcessesSheet_01.aspx 1.vb,,MPM,MPM\MPMProcessesSheet_01.aspx 1.vb
MPM,c:\TEMP\MPM\MPMProcessesSheet_01.aspx.vb,,MPM,MPM\MPMProcessesSheet_01.aspx.vb
MPM,c:\TEMP\MPM\MPMProcessesSheet_02.aspx.vb,,MPM,MPM\MPMProcessesSheet_02.aspx.vb
MPM,c:\TEMP\MPM\MPM_InqCommission.aspx.vb,,MPM,MPM\MPM_InqCommission.aspx.vb
MPM,c:\TEMP\MPM\MPM_NewCommission.aspx.vb,,MPM,MPM\MPM_NewCommission.aspx.vb
MPM,c:\TEMP\MPM\App_Code\ForProject.vb,,MPM,MPM\App_Code\ForProject.vb
MPM,c:\TEMP\MPM\App_Code\Utility.vb,,MPM,MPM\App_Code\Utility.vb
MPM,c:\TEMP\MPM\App_Code\YKK_SPDClass.vb,,MPM,MPM\App_Code\YKK_SPDClass.vb
N2W,c:\TEMP\N2W\AddItemList.aspx.vb,,N2W,N2W\AddItemList.aspx.vb
N2W,c:\TEMP\N2W\AddItemListAcc.aspx.vb,,N2W,N2W\AddItemListAcc.aspx.vb
N2W,c:\TEMP\N2W\AddItemListBC.aspx.vb,,N2W,N2W\AddItemListBC.aspx.vb
N2W,c:\TEMP\N2W\AddItemListCL.aspx.vb,,N2W,N2W\AddItemListCL.aspx.vb
N2W,c:\TEMP\N2W\AddItemListFly.aspx.vb,,N2W,N2W\AddItemListFly.aspx.vb
N2W,c:\TEMP\N2W\BusinessTripCheckList.aspx.vb,,N2W,N2W\BusinessTripCheckList.aspx.vb
N2W,c:\TEMP\N2W\BusinessTripList.aspx.vb,,N2W,N2W\BusinessTripList.aspx.vb
N2W,c:\TEMP\N2W\BusinessTripListinqCommission.aspx.vb,,N2W,N2W\BusinessTripListinqCommission.aspx.vb
N2W,c:\TEMP\N2W\BusinessTripSheet_01.aspx.vb,,N2W,N2W\BusinessTripSheet_01.aspx.vb
N2W,c:\TEMP\N2W\BusinessTripSheet_011.aspx.vb,,N2W,N2W\BusinessTripSheet_011.aspx.vb
N2W,c:\TEMP\N2W\BusinessTripSheet_02.aspx.vb,,N2W,N2W\BusinessTripSheet_02.aspx.vb
N2W,c:\TEMP\N2W\BusinessTripSheet_03.aspx.vb,,N2W,N2W\BusinessTripSheet_03.aspx.vb
N2W,c:\TEMP\N2W\BuyerList.aspx.vb,,N2W,N2W\BuyerList.aspx.vb
N2W,c:\TEMP\N2W\CloseAccountinqCommission.aspx.vb,,N2W,N2W\CloseAccountinqCommission.aspx.vb
N2W,c:\TEMP\N2W\CloseAccountSheet_01.aspx.vb,,N2W,N2W\CloseAccountSheet_01.aspx.vb
N2W,c:\TEMP\N2W\CloseAccountSheet_011.aspx.vb,,N2W,N2W\CloseAccountSheet_011.aspx.vb
N2W,c:\TEMP\N2W\CloseAccountSheet_012.aspx.vb,,N2W,N2W\CloseAccountSheet_012.aspx.vb
N2W,c:\TEMP\N2W\CloseAccountSheet_02.aspx.vb,,N2W,N2W\CloseAccountSheet_02.aspx.vb
N2W,c:\TEMP\N2W\CloseAccountSheet_03.aspx.vb,,N2W,N2W\CloseAccountSheet_03.aspx.vb
N2W,c:\TEMP\N2W\ComplaintIninqCommission.aspx.vb,,N2W,N2W\ComplaintIninqCommission.aspx.vb
N2W,c:\TEMP\N2W\ComplaintInSchedule.aspx.vb,,N2W,N2W\ComplaintInSchedule.aspx.vb
N2W,c:\TEMP\N2W\ComplaintInScheduleAll.aspx.vb,,N2W,N2W\ComplaintInScheduleAll.aspx.vb
N2W,c:\TEMP\N2W\ComplaintInSheet_01.aspx.vb,,N2W,N2W\ComplaintInSheet_01.aspx.vb
N2W,c:\TEMP\N2W\ComplaintInSheet_02.aspx.vb,,N2W,N2W\ComplaintInSheet_02.aspx.vb
N2W,c:\TEMP\N2W\ComplaintOutinqCommission.aspx.vb,,N2W,N2W\ComplaintOutinqCommission.aspx.vb
N2W,c:\TEMP\N2W\ComplaintOutSchedule.aspx.vb,,N2W,N2W\ComplaintOutSchedule.aspx.vb
N2W,c:\TEMP\N2W\ComplaintOutScheduleAll.aspx.vb,,N2W,N2W\ComplaintOutScheduleAll.aspx.vb
N2W,c:\TEMP\N2W\ComplaintOutSheet_01.aspx.vb,,N2W,N2W\ComplaintOutSheet_01.aspx.vb
N2W,c:\TEMP\N2W\ComplaintOutSheet_02.aspx.vb,,N2W,N2W\ComplaintOutSheet_02.aspx.vb
N2W,c:\TEMP\N2W\ComplaintOutSheet_03.aspx.vb,,N2W,N2W\ComplaintOutSheet_03.aspx.vb
N2W,c:\TEMP\N2W\CustomerInfoCopy.aspx.vb,,N2W,N2W\CustomerInfoCopy.aspx.vb
N2W,c:\TEMP\N2W\CustomerInfoinqCommission.aspx.vb,,N2W,N2W\CustomerInfoinqCommission.aspx.vb
N2W,c:\TEMP\N2W\CustomerInfoModinqCommission.aspx.vb,,N2W,N2W\CustomerInfoModinqCommission.aspx.vb
N2W,c:\TEMP\N2W\CustomerInfoModSheet_01.aspx.vb,,N2W,N2W\CustomerInfoModSheet_01.aspx.vb
N2W,c:\TEMP\N2W\CustomerInfoModSheet_02.aspx.vb,,N2W,N2W\CustomerInfoModSheet_02.aspx.vb
N2W,c:\TEMP\N2W\CustomerInfoSheet_01.aspx.vb,,N2W,N2W\CustomerInfoSheet_01.aspx.vb
N2W,c:\TEMP\N2W\CustomerInfoSheet_02.aspx.vb,,N2W,N2W\CustomerInfoSheet_02.aspx.vb
N2W,c:\TEMP\N2W\CustomerList.aspx.vb,,N2W,N2W\CustomerList.aspx.vb
N2W,c:\TEMP\N2W\DatePicker.aspx.vb,,N2W,N2W\DatePicker.aspx.vb
N2W,c:\TEMP\N2W\DatePicker1.aspx.vb,,N2W,N2W\DatePicker1.aspx.vb
N2W,c:\TEMP\N2W\Default.aspx.vb,,N2W,N2W\Default.aspx.vb
N2W,c:\TEMP\N2W\DepList.aspx.vb,,N2W,N2W\DepList.aspx.vb
N2W,c:\TEMP\N2W\DiscountCopy.aspx.vb,,N2W,N2W\DiscountCopy.aspx.vb
N2W,c:\TEMP\N2W\DiscountExtend.aspx.vb,,N2W,N2W\DiscountExtend.aspx.vb
N2W,c:\TEMP\N2W\DiscountinqCommission.aspx.vb,,N2W,N2W\DiscountinqCommission.aspx.vb
N2W,c:\TEMP\N2W\DiscountSheet_01.aspx.vb,,N2W,N2W\DiscountSheet_01.aspx.vb
N2W,c:\TEMP\N2W\DiscountSheet_02.aspx.vb,,N2W,N2W\DiscountSheet_02.aspx.vb
N2W,c:\TEMP\N2W\DivisionList.aspx.vb,,N2W,N2W\DivisionList.aspx.vb
N2W,c:\TEMP\N2W\DivisionListBC.aspx.vb,,N2W,N2W\DivisionListBC.aspx.vb
N2W,c:\TEMP\N2W\DivisionListCL.aspx.vb,,N2W,N2W\DivisionListCL.aspx.vb
N2W,c:\TEMP\N2W\EMPList.aspx.vb,,N2W,N2W\EMPList.aspx.vb
N2W,c:\TEMP\N2W\EMPListBC.aspx.vb,,N2W,N2W\EMPListBC.aspx.vb
N2W,c:\TEMP\N2W\EMPListCL.aspx.vb,,N2W,N2W\EMPListCL.aspx.vb
N2W,c:\TEMP\N2W\ExpenseinqCommission.aspx.vb,,N2W,N2W\ExpenseinqCommission.aspx.vb
N2W,c:\TEMP\N2W\ExpenseList.aspx.vb,,N2W,N2W\ExpenseList.aspx.vb
N2W,c:\TEMP\N2W\ExpenseScheduleAllTC.aspx.vb,,N2W,N2W\ExpenseScheduleAllTC.aspx.vb
N2W,c:\TEMP\N2W\ExpenseScheduleTC.aspx.vb,,N2W,N2W\ExpenseScheduleTC.aspx.vb
N2W,c:\TEMP\N2W\ExpenseSheet_01.aspx.vb,,N2W,N2W\ExpenseSheet_01.aspx.vb
N2W,c:\TEMP\N2W\ExpenseSheet_02.aspx.vb,,N2W,N2W\ExpenseSheet_02.aspx.vb
N2W,c:\TEMP\N2W\ExpItemList.aspx.vb,,N2W,N2W\ExpItemList.aspx.vb
N2W,c:\TEMP\N2W\ExpItemListCL.aspx.vb,,N2W,N2W\ExpItemListCL.aspx.vb
N2W,c:\TEMP\N2W\FinalcheckinqCommission.aspx.vb,,N2W,N2W\FinalcheckinqCommission.aspx.vb
N2W,c:\TEMP\N2W\FinalcheckList.aspx.vb,,N2W,N2W\FinalcheckList.aspx.vb
N2W,c:\TEMP\N2W\FinalcheckModinqCommission.aspx.vb,,N2W,N2W\FinalcheckModinqCommission.aspx.vb
N2W,c:\TEMP\N2W\FinalcheckModList.aspx.vb,,N2W,N2W\FinalcheckModList.aspx.vb
N2W,c:\TEMP\N2W\FinalcheckModSheet_01.aspx.vb,,N2W,N2W\FinalcheckModSheet_01.aspx.vb
N2W,c:\TEMP\N2W\FinalcheckModSheet_02.aspx.vb,,N2W,N2W\FinalcheckModSheet_02.aspx.vb
N2W,c:\TEMP\N2W\FinalcheckOriSheet_02.aspx.vb,,N2W,N2W\FinalcheckOriSheet_02.aspx.vb
N2W,c:\TEMP\N2W\FinalcheckSheet_01.aspx.vb,,N2W,N2W\FinalcheckSheet_01.aspx.vb
N2W,c:\TEMP\N2W\FinalcheckSheet_02.aspx.vb,,N2W,N2W\FinalcheckSheet_02.aspx.vb
N2W,c:\TEMP\N2W\FundingAdmin.aspx.vb,,N2W,N2W\FundingAdmin.aspx.vb
N2W,c:\TEMP\N2W\FundingBatchAutoApprove.aspx.vb,,N2W,N2W\FundingBatchAutoApprove.aspx.vb
N2W,c:\TEMP\N2W\FundingBatchAutoApprove1.aspx.vb,,N2W,N2W\FundingBatchAutoApprove1.aspx.vb
N2W,c:\TEMP\N2W\FundinginqCommission.aspx.vb,,N2W,N2W\FundinginqCommission.aspx.vb
N2W,c:\TEMP\N2W\FundinginqCommissionTC.aspx.vb,,N2W,N2W\FundinginqCommissionTC.aspx.vb
N2W,c:\TEMP\N2W\FundingSchedule.aspx.vb,,N2W,N2W\FundingSchedule.aspx.vb
N2W,c:\TEMP\N2W\FundingScheduleAll.aspx.vb,,N2W,N2W\FundingScheduleAll.aspx.vb
N2W,c:\TEMP\N2W\FundingScheduleAllTC.aspx.vb,,N2W,N2W\FundingScheduleAllTC.aspx.vb
N2W,c:\TEMP\N2W\FundingScheduleTC.aspx.vb,,N2W,N2W\FundingScheduleTC.aspx.vb
N2W,c:\TEMP\N2W\FundingSheetCL_01.aspx.vb,,N2W,N2W\FundingSheetCL_01.aspx.vb
N2W,c:\TEMP\N2W\FundingSheetCL_02.aspx.vb,,N2W,N2W\FundingSheetCL_02.aspx.vb
N2W,c:\TEMP\N2W\FundingSheetCL_03.aspx.vb,,N2W,N2W\FundingSheetCL_03.aspx.vb
N2W,c:\TEMP\N2W\FundingSheetCL_04.aspx.vb,,N2W,N2W\FundingSheetCL_04.aspx.vb
N2W,c:\TEMP\N2W\FundingSheet_01.aspx.vb,,N2W,N2W\FundingSheet_01.aspx.vb
N2W,c:\TEMP\N2W\FundingSheet_02.aspx.vb,,N2W,N2W\FundingSheet_02.aspx.vb
N2W,c:\TEMP\N2W\FundingSheet_03.aspx.vb,,N2W,N2W\FundingSheet_03.aspx.vb
N2W,c:\TEMP\N2W\FundingSheet_04.aspx.vb,,N2W,N2W\FundingSheet_04.aspx.vb
N2W,c:\TEMP\N2W\ImportTaxEample.aspx.vb,,N2W,N2W\ImportTaxEample.aspx.vb
N2W,c:\TEMP\N2W\InqCommission.aspx.vb,,N2W,N2W\InqCommission.aspx.vb
N2W,c:\TEMP\N2W\InqCommissionSales.aspx.vb,,N2W,N2W\InqCommissionSales.aspx.vb
N2W,c:\TEMP\N2W\ISMSinqCommission.aspx.vb,,N2W,N2W\ISMSinqCommission.aspx.vb
N2W,c:\TEMP\N2W\ISMSSheet_01.aspx.vb,,N2W,N2W\ISMSSheet_01.aspx.vb
N2W,c:\TEMP\N2W\ISMSSheet_02.aspx.vb,,N2W,N2W\ISMSSheet_02.aspx.vb
N2W,c:\TEMP\N2W\ITMNewCommission.aspx.vb,,N2W,N2W\ITMNewCommission.aspx.vb
N2W,c:\TEMP\N2W\MealsList.aspx.vb,,N2W,N2W\MealsList.aspx.vb
N2W,c:\TEMP\N2W\NewCommission.aspx.vb,,N2W,N2W\NewCommission.aspx.vb
N2W,c:\TEMP\N2W\NOList.aspx.vb,,N2W,N2W\NOList.aspx.vb
N2W,c:\TEMP\N2W\Notice.aspx.vb,,N2W,N2W\Notice.aspx.vb
N2W,c:\TEMP\N2W\OrderList.aspx.vb,,N2W,N2W\OrderList.aspx.vb
N2W,c:\TEMP\N2W\PostCodeList.aspx.vb,,N2W,N2W\PostCodeList.aspx.vb
N2W,c:\TEMP\N2W\QCList.aspx.vb,,N2W,N2W\QCList.aspx.vb
N2W,c:\TEMP\N2W\RateList.aspx.vb,,N2W,N2W\RateList.aspx.vb
N2W,c:\TEMP\N2W\ReferenceList.aspx.vb,,N2W,N2W\ReferenceList.aspx.vb
N2W,c:\TEMP\N2W\ReferenceListCL.aspx.vb,,N2W,N2W\ReferenceListCL.aspx.vb
N2W,c:\TEMP\N2W\RemarkList.aspx.vb,,N2W,N2W\RemarkList.aspx.vb
N2W,c:\TEMP\N2W\RemarkListCL.aspx.vb,,N2W,N2W\RemarkListCL.aspx.vb
N2W,c:\TEMP\N2W\ScheduleAllBC.aspx.vb,,N2W,N2W\ScheduleAllBC.aspx.vb
N2W,c:\TEMP\N2W\ScheduleBC.aspx 1.vb,,N2W,N2W\ScheduleBC.aspx 1.vb
N2W,c:\TEMP\N2W\ScheduleBC.aspx.vb,,N2W,N2W\ScheduleBC.aspx.vb
N2W,c:\TEMP\N2W\SpecList.aspx.vb,,N2W,N2W\SpecList.aspx.vb
N2W,c:\TEMP\N2W\StockIninqCommission.aspx.vb,,N2W,N2W\StockIninqCommission.aspx.vb
N2W,c:\TEMP\N2W\StockInSheet_01.aspx.vb,,N2W,N2W\StockInSheet_01.aspx.vb
N2W,c:\TEMP\N2W\StockInSheet_02.aspx.vb,,N2W,N2W\StockInSheet_02.aspx.vb
N2W,c:\TEMP\N2W\StockInSheet_03.aspx.vb,,N2W,N2W\StockInSheet_03.aspx.vb
N2W,c:\TEMP\N2W\StockInSheet_04.aspx.vb,,N2W,N2W\StockInSheet_04.aspx.vb
N2W,c:\TEMP\N2W\StockInSheet_05.aspx.vb,,N2W,N2W\StockInSheet_05.aspx.vb
N2W,c:\TEMP\N2W\StockList.aspx.vb,,N2W,N2W\StockList.aspx.vb
N2W,c:\TEMP\N2W\StockNewCommission.aspx.vb,,N2W,N2W\StockNewCommission.aspx.vb
N2W,c:\TEMP\N2W\StockOutinqCommission.aspx.vb,,N2W,N2W\StockOutinqCommission.aspx.vb
N2W,c:\TEMP\N2W\StockOutSheet_01.aspx.vb,,N2W,N2W\StockOutSheet_01.aspx.vb
N2W,c:\TEMP\N2W\StockOutSheet_02.aspx.vb,,N2W,N2W\StockOutSheet_02.aspx.vb
N2W,c:\TEMP\N2W\App_Code\ForProject.vb,,N2W,N2W\App_Code\ForProject.vb
N2W,c:\TEMP\N2W\App_Code\Utility.vb,,N2W,N2W\App_Code\Utility.vb
N2W,c:\TEMP\N2W\App_Code\YKK_SPDClass.vb,,N2W,N2W\App_Code\YKK_SPDClass.vb
NoComm,c:\TEMP\NoComm\DatePicker1.aspx.vb,,NoComm,NoComm\DatePicker1.aspx.vb
NoComm,c:\TEMP\NoComm\Default.aspx.vb,,NoComm,NoComm\Default.aspx.vb
NoComm,c:\TEMP\NoComm\NoComminqCommission.aspx.vb,,NoComm,NoComm\NoComminqCommission.aspx.vb
NoComm,c:\TEMP\NoComm\NoCommList.aspx.vb,,NoComm,NoComm\NoCommList.aspx.vb
NoComm,c:\TEMP\NoComm\NoCommSheet_01.aspx.vb,,NoComm,NoComm\NoCommSheet_01.aspx.vb
NoComm,c:\TEMP\NoComm\NoCommSheet_02.aspx.vb,,NoComm,NoComm\NoCommSheet_02.aspx.vb
NoComm,c:\TEMP\NoComm\PNoCommList.aspx.vb,,NoComm,NoComm\PNoCommList.aspx.vb
NoComm,c:\TEMP\NoComm\QCList.aspx.vb,,NoComm,NoComm\QCList.aspx.vb
NoComm,c:\TEMP\NoComm\App_Code\ForProject.vb,,NoComm,NoComm\App_Code\ForProject.vb
NoComm,c:\TEMP\NoComm\App_Code\Utility.vb,,NoComm,NoComm\App_Code\Utility.vb
NoComm,c:\TEMP\NoComm\App_Code\YKK_SPDClass.vb,,NoComm,NoComm\App_Code\YKK_SPDClass.vb
SBD,c:\TEMP\SBD\DatePicker.aspx.vb,,SBD,SBD\DatePicker.aspx.vb
SBD,c:\TEMP\SBD\Default.aspx.vb,,SBD,SBD\Default.aspx.vb
SBD,c:\TEMP\SBD\OpenNoPicker.aspx.vb,,SBD,SBD\OpenNoPicker.aspx.vb
SBD,c:\TEMP\SBD\SBDAppendSpecSheet_01.aspx.vb,,SBD,SBD\SBDAppendSpecSheet_01.aspx.vb
SBD,c:\TEMP\SBD\SBDAppendSpecSheet_02.aspx.vb,,SBD,SBD\SBDAppendSpecSheet_02.aspx.vb
SBD,c:\TEMP\SBD\SBDCommissionNoPicker.aspx.vb,,SBD,SBD\SBDCommissionNoPicker.aspx.vb
SBD,c:\TEMP\SBD\SBDCommissionSheet_01.aspx.vb,,SBD,SBD\SBDCommissionSheet_01.aspx.vb
SBD,c:\TEMP\SBD\SBDCommissionSheet_02.aspx.vb,,SBD,SBD\SBDCommissionSheet_02.aspx.vb
SBD,c:\TEMP\SBD\SBDSurfaceSheet_01.aspx.vb,,SBD,SBD\SBDSurfaceSheet_01.aspx.vb
SBD,c:\TEMP\SBD\SBDSurfaceSheet_02.aspx.vb,,SBD,SBD\SBDSurfaceSheet_02.aspx.vb
SBD,c:\TEMP\SBD\SBDSurfNoPicker.aspx.vb,,SBD,SBD\SBDSurfNoPicker.aspx.vb
SBD,c:\TEMP\SBD\App_Code\ForProject.vb,,SBD,SBD\App_Code\ForProject.vb
SBD,c:\TEMP\SBD\App_Code\Utility.vb,,SBD,SBD\App_Code\Utility.vb
SBD,c:\TEMP\SBD\App_Code\YKK_SPDClass.vb,,SBD,SBD\App_Code\YKK_SPDClass.vb
SCD,c:\TEMP\SCD\CommissionSheet.aspx.vb,,SCD,SCD\CommissionSheet.aspx.vb
SCD,c:\TEMP\SCD\CommissionSheet_01.aspx.vb,,SCD,SCD\CommissionSheet_01.aspx.vb
SCD,c:\TEMP\SCD\CommissionSheet_02.aspx.vb,,SCD,SCD\CommissionSheet_02.aspx.vb
SCD,c:\TEMP\SCD\CommissionSheet_03.aspx.vb,,SCD,SCD\CommissionSheet_03.aspx.vb
SCD,c:\TEMP\SCD\CommissionSheet_04.aspx.vb,,SCD,SCD\CommissionSheet_04.aspx.vb
SCD,c:\TEMP\SCD\DatePicker.aspx.vb,,SCD,SCD\DatePicker.aspx.vb
SCD,c:\TEMP\SCD\Default.aspx.vb,,SCD,SCD\Default.aspx.vb
SCD,c:\TEMP\SCD\DevelopmentCommissionSheet_01.aspx.vb,,SCD,SCD\DevelopmentCommissionSheet_01.aspx.vb
SCD,c:\TEMP\SCD\DevelopmentDelivery.aspx.vb,,SCD,SCD\DevelopmentDelivery.aspx.vb
SCD,c:\TEMP\SCD\DevelopmentDelivery_History.aspx.vb,,SCD,SCD\DevelopmentDelivery_History.aspx.vb
SCD,c:\TEMP\SCD\DevelopmentDelivery_Load.aspx.vb,,SCD,SCD\DevelopmentDelivery_Load.aspx.vb
SCD,c:\TEMP\SCD\DevelopmentDelivery_OP.aspx.vb,,SCD,SCD\DevelopmentDelivery_OP.aspx.vb
SCD,c:\TEMP\SCD\DevelopmentDelivery_OPHistory.aspx.vb,,SCD,SCD\DevelopmentDelivery_OPHistory.aspx.vb
SCD,c:\TEMP\SCD\GentaniSheet.aspx.vb,,SCD,SCD\GentaniSheet.aspx.vb
SCD,c:\TEMP\SCD\GentaniSheet_04.aspx.vb,,SCD,SCD\GentaniSheet_04.aspx.vb
SCD,c:\TEMP\SCD\List_ColorRelation.aspx.vb,,SCD,SCD\List_ColorRelation.aspx.vb
SCD,c:\TEMP\SCD\List_Development.aspx.vb,,SCD,SCD\List_Development.aspx.vb
SCD,c:\TEMP\SCD\List_ItemRelation.aspx.vb,,SCD,SCD\List_ItemRelation.aspx.vb
SCD,c:\TEMP\SCD\ManufactureHistory.aspx.vb,,SCD,SCD\ManufactureHistory.aspx.vb
SCD,c:\TEMP\SCD\ManufactureSheet.aspx.vb,,SCD,SCD\ManufactureSheet.aspx.vb
SCD,c:\TEMP\SCD\ManufactureSheet_04.aspx.vb,,SCD,SCD\ManufactureSheet_04.aspx.vb
SCD,c:\TEMP\SCD\ModifyDataSheet.aspx.vb,,SCD,SCD\ModifyDataSheet.aspx.vb
SCD,c:\TEMP\SCD\ModifyDataSheet_01.aspx.vb,,SCD,SCD\ModifyDataSheet_01.aspx.vb
SCD,c:\TEMP\SCD\NoOrderTW180.aspx.vb,,SCD,SCD\NoOrderTW180.aspx.vb
SCD,c:\TEMP\SCD\OpenNoPicker.aspx.vb,,SCD,SCD\OpenNoPicker.aspx.vb
SCD,c:\TEMP\SCD\OpenNoPickerForSampleSheet.aspx.vb,,SCD,SCD\OpenNoPickerForSampleSheet.aspx.vb
SCD,c:\TEMP\SCD\RapirManufactureSheet.aspx.vb,,SCD,SCD\RapirManufactureSheet.aspx.vb
SCD,c:\TEMP\SCD\SampleSheet.aspx.vb,,SCD,SCD\SampleSheet.aspx.vb
SCD,c:\TEMP\SCD\SampleSheet_01.aspx.vb,,SCD,SCD\SampleSheet_01.aspx.vb
SCD,c:\TEMP\SCD\SampleSheet_02.aspx.vb,,SCD,SCD\SampleSheet_02.aspx.vb
SCD,c:\TEMP\SCD\SampleSheet_04.aspx.vb,,SCD,SCD\SampleSheet_04.aspx.vb
SCD,c:\TEMP\SCD\SignFlow.aspx.vb,,SCD,SCD\SignFlow.aspx.vb
SCD,c:\TEMP\SCD\App_Code\ForProject.vb,,SCD,SCD\App_Code\ForProject.vb
SCD,c:\TEMP\SCD\App_Code\Utility.vb,,SCD,SCD\App_Code\Utility.vb
SCD,c:\TEMP\SCD\App_Code\YKK_SPDClass.vb,,SCD,SCD\App_Code\YKK_SPDClass.vb
SPDSub,c:\TEMP\SPDSub\DatePicker.aspx.vb,,SPDSub,SPDSub\DatePicker.aspx.vb
SPDSub,c:\TEMP\SPDSub\Default.aspx.vb,,SPDSub,SPDSub\Default.aspx.vb
SPDSub,c:\TEMP\SPDSub\MapNoList.aspx.vb,,SPDSub,SPDSub\MapNoList.aspx.vb
SPDSub,c:\TEMP\SPDSub\SPD_YKKGroupCopySheet_01.aspx.vb,,SPDSub,SPDSub\SPD_YKKGroupCopySheet_01.aspx.vb
SPDSub,c:\TEMP\SPDSub\SPD_YKKGroupCopySheet_02.aspx.vb,,SPDSub,SPDSub\SPD_YKKGroupCopySheet_02.aspx.vb
SPDSub,c:\TEMP\SPDSub\YKKGroupCopyList.aspx.vb,,SPDSub,SPDSub\YKKGroupCopyList.aspx.vb
SPDSub,c:\TEMP\SPDSub\App_Code\ForProject.vb,,SPDSub,SPDSub\App_Code\ForProject.vb
SPDSub,c:\TEMP\SPDSub\App_Code\Utility.vb,,SPDSub,SPDSub\App_Code\Utility.vb
SPDSub,c:\TEMP\SPDSub\App_Code\YKK_SPDClass.vb,,SPDSub,SPDSub\App_Code\YKK_SPDClass.vb
WavesService,c:\TEMP\WavesService\Default.aspx.vb,,WavesService,WavesService\Default.aspx.vb
WavesService,c:\TEMP\WavesService\FAS_TestPage.aspx.vb,,WavesService,WavesService\FAS_TestPage.aspx.vb
WavesService,c:\TEMP\WavesService\App_Code\CommonService.vb,,WavesService,WavesService\App_Code\CommonService.vb
WavesService,c:\TEMP\WavesService\App_Code\EDIService.vb,,WavesService,WavesService\App_Code\EDIService.vb
WavesService,c:\TEMP\WavesService\App_Code\ForProject.vb,,WavesService,WavesService\App_Code\ForProject.vb
WavesService,c:\TEMP\WavesService\App_Code\Utility.vb,,WavesService,WavesService\App_Code\Utility.vb
WFS,c:\TEMP\WFS\Default.aspx.vb,,WFS,WFS\Default.aspx.vb
WFS,c:\TEMP\WFS\App_Code\CommonService.vb,,WFS,WFS\App_Code\CommonService.vb
WFS,c:\TEMP\WFS\App_Code\FlowService.vb,,WFS,WFS\App_Code\FlowService.vb
WFS,c:\TEMP\WFS\App_Code\ForProject.vb,,WFS,WFS\App_Code\ForProject.vb
WFS,c:\TEMP\WFS\App_Code\ScheduleService.vb,,WFS,WFS\App_Code\ScheduleService.vb
WFS,c:\TEMP\WFS\App_Code\Utility.vb,,WFS,WFS\App_Code\Utility.vb
WorkFlowSub,c:\TEMP\WorkFlowSub\AgentApprov.aspx.vb,,WorkFlowSub,WorkFlowSub\AgentApprov.aspx.vb
WorkFlowSub,c:\TEMP\WorkFlowSub\AgentConfig.aspx.vb,,WorkFlowSub,WorkFlowSub\AgentConfig.aspx.vb
WorkFlowSub,c:\TEMP\WorkFlowSub\BatchApprovStandard.aspx.vb,,WorkFlowSub,WorkFlowSub\BatchApprovStandard.aspx.vb
WorkFlowSub,c:\TEMP\WorkFlowSub\CategoriPicker.aspx.vb,,WorkFlowSub,WorkFlowSub\CategoriPicker.aspx.vb
WorkFlowSub,c:\TEMP\WorkFlowSub\CCFlowList.aspx.vb,,WorkFlowSub,WorkFlowSub\CCFlowList.aspx.vb
WorkFlowSub,c:\TEMP\WorkFlowSub\CCFlowSign.aspx.vb,,WorkFlowSub,WorkFlowSub\CCFlowSign.aspx.vb
WorkFlowSub,c:\TEMP\WorkFlowSub\Commission_Sheet.aspx.vb,,WorkFlowSub,WorkFlowSub\Commission_Sheet.aspx.vb
WorkFlowSub,c:\TEMP\WorkFlowSub\Commission_Structure.aspx.vb,,WorkFlowSub,WorkFlowSub\Commission_Structure.aspx.vb
WorkFlowSub,c:\TEMP\WorkFlowSub\DatePicker.aspx.vb,,WorkFlowSub,WorkFlowSub\DatePicker.aspx.vb
WorkFlowSub,c:\TEMP\WorkFlowSub\Default.aspx.vb,,WorkFlowSub,WorkFlowSub\Default.aspx.vb
WorkFlowSub,c:\TEMP\WorkFlowSub\Default2.aspx.vb,,WorkFlowSub,WorkFlowSub\Default2.aspx.vb
WorkFlowSub,c:\TEMP\WorkFlowSub\DevelopmentTimeList.aspx.vb,,WorkFlowSub,WorkFlowSub\DevelopmentTimeList.aspx.vb
WorkFlowSub,c:\TEMP\WorkFlowSub\DevelopmentTimeList_01.aspx.vb,,WorkFlowSub,WorkFlowSub\DevelopmentTimeList_01.aspx.vb
WorkFlowSub,c:\TEMP\WorkFlowSub\FindItemPage.aspx.vb,,WorkFlowSub,WorkFlowSub\FindItemPage.aspx.vb
WorkFlowSub,c:\TEMP\WorkFlowSub\Fix_BEndTime.aspx.vb,,WorkFlowSub,WorkFlowSub\Fix_BEndTime.aspx.vb
WorkFlowSub,c:\TEMP\WorkFlowSub\FundingBatchAutoApprove.aspx.vb,,WorkFlowSub,WorkFlowSub\FundingBatchAutoApprove.aspx.vb
WorkFlowSub,c:\TEMP\WorkFlowSub\GentaniSheet.aspx.vb,,WorkFlowSub,WorkFlowSub\GentaniSheet.aspx.vb
WorkFlowSub,c:\TEMP\WorkFlowSub\HomeWaitHandle.aspx.vb,,WorkFlowSub,WorkFlowSub\HomeWaitHandle.aspx.vb
WorkFlowSub,c:\TEMP\WorkFlowSub\HomeWorkSign.aspx.vb,,WorkFlowSub,WorkFlowSub\HomeWorkSign.aspx.vb
WorkFlowSub,c:\TEMP\WorkFlowSub\HR_ErrorWorkTime.aspx.vb,,WorkFlowSub,WorkFlowSub\HR_ErrorWorkTime.aspx.vb
WorkFlowSub,c:\TEMP\WorkFlowSub\HR_OverTimeAndTimeOffList.aspx.vb,,WorkFlowSub,WorkFlowSub\HR_OverTimeAndTimeOffList.aspx.vb
WorkFlowSub,c:\TEMP\WorkFlowSub\HR_OverTimeList.aspx.vb,,WorkFlowSub,WorkFlowSub\HR_OverTimeList.aspx.vb
WorkFlowSub,c:\TEMP\WorkFlowSub\HR_OverTimeList01.aspx.vb,,WorkFlowSub,WorkFlowSub\HR_OverTimeList01.aspx.vb
WorkFlowSub,c:\TEMP\WorkFlowSub\HR_OverTimeReport01.aspx.vb,,WorkFlowSub,WorkFlowSub\HR_OverTimeReport01.aspx.vb
WorkFlowSub,c:\TEMP\WorkFlowSub\HR_OverTimeReport02.aspx.vb,,WorkFlowSub,WorkFlowSub\HR_OverTimeReport02.aspx.vb
WorkFlowSub,c:\TEMP\WorkFlowSub\HR_OverTimeReport03.aspx.vb,,WorkFlowSub,WorkFlowSub\HR_OverTimeReport03.aspx.vb
WorkFlowSub,c:\TEMP\WorkFlowSub\HR_StopJobInforList_01.aspx.vb,,WorkFlowSub,WorkFlowSub\HR_StopJobInforList_01.aspx.vb
WorkFlowSub,c:\TEMP\WorkFlowSub\HR_VacationInfor.aspx.vb,,WorkFlowSub,WorkFlowSub\HR_VacationInfor.aspx.vb
WorkFlowSub,c:\TEMP\WorkFlowSub\HR_VacationInforList_01.aspx.vb,,WorkFlowSub,WorkFlowSub\HR_VacationInforList_01.aspx.vb
WorkFlowSub,c:\TEMP\WorkFlowSub\HR_VacationInforList_02.aspx.vb,,WorkFlowSub,WorkFlowSub\HR_VacationInforList_02.aspx.vb
WorkFlowSub,c:\TEMP\WorkFlowSub\HR_VacationList01.aspx.vb,,WorkFlowSub,WorkFlowSub\HR_VacationList01.aspx.vb
WorkFlowSub,c:\TEMP\WorkFlowSub\HR_WorkRatioInfor.aspx.vb,,WorkFlowSub,WorkFlowSub\HR_WorkRatioInfor.aspx.vb
WorkFlowSub,c:\TEMP\WorkFlowSub\HR_WorkRatioInformation.aspx.vb,,WorkFlowSub,WorkFlowSub\HR_WorkRatioInformation.aspx.vb
WorkFlowSub,c:\TEMP\WorkFlowSub\HR_WorkRatioOtherInfor.aspx.vb,,WorkFlowSub,WorkFlowSub\HR_WorkRatioOtherInfor.aspx.vb
WorkFlowSub,c:\TEMP\WorkFlowSub\HR_WorkTime.aspx.vb,,WorkFlowSub,WorkFlowSub\HR_WorkTime.aspx.vb
WorkFlowSub,c:\TEMP\WorkFlowSub\HR_WorkTimeList_01.aspx.vb,,WorkFlowSub,WorkFlowSub\HR_WorkTimeList_01.aspx.vb
WorkFlowSub,c:\TEMP\WorkFlowSub\HR_WorkTime_01.aspx.vb,,WorkFlowSub,WorkFlowSub\HR_WorkTime_01.aspx.vb
WorkFlowSub,c:\TEMP\WorkFlowSub\INQ_DTMWPriorityList.aspx.vb,,WorkFlowSub,WorkFlowSub\INQ_DTMWPriorityList.aspx.vb
WorkFlowSub,c:\TEMP\WorkFlowSub\INQ_ITMasterStatus.aspx.vb,,WorkFlowSub,WorkFlowSub\INQ_ITMasterStatus.aspx.vb
WorkFlowSub,c:\TEMP\WorkFlowSub\INQ_OrderReal.aspx.vb,,WorkFlowSub,WorkFlowSub\INQ_OrderReal.aspx.vb
WorkFlowSub,c:\TEMP\WorkFlowSub\INQ_OrderReal01.aspx.vb,,WorkFlowSub,WorkFlowSub\INQ_OrderReal01.aspx.vb
WorkFlowSub,c:\TEMP\WorkFlowSub\INQ_RCAChainList.aspx.vb,,WorkFlowSub,WorkFlowSub\INQ_RCAChainList.aspx.vb
WorkFlowSub,c:\TEMP\WorkFlowSub\INQ_REQStatus.aspx.vb,,WorkFlowSub,WorkFlowSub\INQ_REQStatus.aspx.vb
WorkFlowSub,c:\TEMP\WorkFlowSub\INQ_REQStatus01.aspx.vb,,WorkFlowSub,WorkFlowSub\INQ_REQStatus01.aspx.vb
WorkFlowSub,c:\TEMP\WorkFlowSub\INQ_S5MReport.aspx.vb,,WorkFlowSub,WorkFlowSub\INQ_S5MReport.aspx.vb
WorkFlowSub,c:\TEMP\WorkFlowSub\ISOSGetColorFA300.aspx.vb,,WorkFlowSub,WorkFlowSub\ISOSGetColorFA300.aspx.vb
WorkFlowSub,c:\TEMP\WorkFlowSub\Login.aspx.vb,,WorkFlowSub,WorkFlowSub\Login.aspx.vb
WorkFlowSub,c:\TEMP\WorkFlowSub\MailAddress.aspx.vb,,WorkFlowSub,WorkFlowSub\MailAddress.aspx.vb
WorkFlowSub,c:\TEMP\WorkFlowSub\MaintItem.aspx.vb,,WorkFlowSub,WorkFlowSub\MaintItem.aspx.vb
WorkFlowSub,c:\TEMP\WorkFlowSub\MaintReferp.aspx.vb,,WorkFlowSub,WorkFlowSub\MaintReferp.aspx.vb
WorkFlowSub,c:\TEMP\WorkFlowSub\MessagePage.aspx.vb,,WorkFlowSub,WorkFlowSub\MessagePage.aspx.vb
WorkFlowSub,c:\TEMP\WorkFlowSub\NoticeMessageOverTime.aspx.vb,,WorkFlowSub,WorkFlowSub\NoticeMessageOverTime.aspx.vb
WorkFlowSub,c:\TEMP\WorkFlowSub\OPInqCommission_Manuf.aspx.vb,,WorkFlowSub,WorkFlowSub\OPInqCommission_Manuf.aspx.vb
WorkFlowSub,c:\TEMP\WorkFlowSub\OverFlow30DaysList.aspx.vb,,WorkFlowSub,WorkFlowSub\OverFlow30DaysList.aspx.vb
WorkFlowSub,c:\TEMP\WorkFlowSub\OverTimeList01.aspx.vb,,WorkFlowSub,WorkFlowSub\OverTimeList01.aspx.vb
WorkFlowSub,c:\TEMP\WorkFlowSub\PCWaitHandle.aspx.vb,,WorkFlowSub,WorkFlowSub\PCWaitHandle.aspx.vb
WorkFlowSub,c:\TEMP\WorkFlowSub\PCWaitHandlePage.aspx.vb,,WorkFlowSub,WorkFlowSub\PCWaitHandlePage.aspx.vb
WorkFlowSub,c:\TEMP\WorkFlowSub\PC_INQWingsOrder.aspx.vb,,WorkFlowSub,WorkFlowSub\PC_INQWingsOrder.aspx.vb
WorkFlowSub,c:\TEMP\WorkFlowSub\POPList.aspx.vb,,WorkFlowSub,WorkFlowSub\POPList.aspx.vb
WorkFlowSub,c:\TEMP\WorkFlowSub\POPMonthList.aspx.vb,,WorkFlowSub,WorkFlowSub\POPMonthList.aspx.vb
WorkFlowSub,c:\TEMP\WorkFlowSub\WaitHandle.aspx.vb,,WorkFlowSub,WorkFlowSub\WaitHandle.aspx.vb
WorkFlowSub,c:\TEMP\WorkFlowSub\WaitHandleIE.aspx.vb,,WorkFlowSub,WorkFlowSub\WaitHandleIE.aspx.vb
WorkFlowSub,c:\TEMP\WorkFlowSub\WFSURLStartUp.aspx.vb,,WorkFlowSub,WorkFlowSub\WFSURLStartUp.aspx.vb
WorkFlowSub,c:\TEMP\WorkFlowSub\App_Code\ForProject.vb,,WorkFlowSub,WorkFlowSub\App_Code\ForProject.vb
WorkFlowSub,c:\TEMP\WorkFlowSub\App_Code\Utility.vb,,WorkFlowSub,WorkFlowSub\App_Code\Utility.vb
WorkFlowSub,c:\TEMP\WorkFlowSub\App_Code\YKK_SPDClass.vb,,WorkFlowSub,WorkFlowSub\App_Code\YKK_SPDClass.vb
WorkFlow,c:\TEMP\WorkFlow\3S_DownloadPage.aspx.vb,,WorkFlow,WorkFlow\3S_DownloadPage.aspx.vb
WorkFlow,c:\TEMP\WorkFlow\3S_InqCommission.aspx.vb,,WorkFlow,WorkFlow\3S_InqCommission.aspx.vb
WorkFlow,c:\TEMP\WorkFlow\3S_NewCommission.aspx.vb,,WorkFlow,WorkFlow\3S_NewCommission.aspx.vb
WorkFlow,c:\TEMP\WorkFlow\AdvencedImages.aspx.vb,,WorkFlow,WorkFlow\AdvencedImages.aspx.vb
WorkFlow,c:\TEMP\WorkFlow\AgentList.aspx.vb,,WorkFlow,WorkFlow\AgentList.aspx.vb
WorkFlow,c:\TEMP\WorkFlow\AppendSpecSheet_01.aspx.vb,,WorkFlow,WorkFlow\AppendSpecSheet_01.aspx.vb
WorkFlow,c:\TEMP\WorkFlow\AppendSpecSheet_02.aspx.vb,,WorkFlow,WorkFlow\AppendSpecSheet_02.aspx.vb
WorkFlow,c:\TEMP\WorkFlow\AssemblyInfo.vb,,WorkFlow,WorkFlow\AssemblyInfo.vb
WorkFlow,c:\TEMP\WorkFlow\BefOPList.aspx.vb,,WorkFlow,WorkFlow\BefOPList.aspx.vb
WorkFlow,c:\TEMP\WorkFlow\CalendarList_CL1.aspx.vb,,WorkFlow,WorkFlow\CalendarList_CL1.aspx.vb
WorkFlow,c:\TEMP\WorkFlow\CalendarList_CL2.aspx.vb,,WorkFlow,WorkFlow\CalendarList_CL2.aspx.vb
WorkFlow,c:\TEMP\WorkFlow\CalendarList_TP1.aspx.vb,,WorkFlow,WorkFlow\CalendarList_TP1.aspx.vb
WorkFlow,c:\TEMP\WorkFlow\CalendarList_TP2.aspx.vb,,WorkFlow,WorkFlow\CalendarList_TP2.aspx.vb
WorkFlow,c:\TEMP\WorkFlow\CodeNoPicker.aspx.vb,,WorkFlow,WorkFlow\CodeNoPicker.aspx.vb
WorkFlow,c:\TEMP\WorkFlow\ColorAppendSheet_01.aspx.vb,,WorkFlow,WorkFlow\ColorAppendSheet_01.aspx.vb
WorkFlow,c:\TEMP\WorkFlow\ColorAppendSheet_02.aspx.vb,,WorkFlow,WorkFlow\ColorAppendSheet_02.aspx.vb
WorkFlow,c:\TEMP\WorkFlow\ContactList.aspx.vb,,WorkFlow,WorkFlow\ContactList.aspx.vb
WorkFlow,c:\TEMP\WorkFlow\DatePicker.aspx.vb,,WorkFlow,WorkFlow\DatePicker.aspx.vb
WorkFlow,c:\TEMP\WorkFlow\DevelopDataPicker.aspx.vb,,WorkFlow,WorkFlow\DevelopDataPicker.aspx.vb
WorkFlow,c:\TEMP\WorkFlow\Developing_List.aspx.vb,,WorkFlow,WorkFlow\Developing_List.aspx.vb
WorkFlow,c:\TEMP\WorkFlow\Developing_Suppiler.aspx.vb,,WorkFlow,WorkFlow\Developing_Suppiler.aspx.vb
WorkFlow,c:\TEMP\WorkFlow\DevelopLeadTime.aspx.vb,,WorkFlow,WorkFlow\DevelopLeadTime.aspx.vb
WorkFlow,c:\TEMP\WorkFlow\DevelopLeadTime@.aspx.vb,,WorkFlow,WorkFlow\DevelopLeadTime@.aspx.vb
WorkFlow,c:\TEMP\WorkFlow\DevelopLeadTimeList.aspx.vb,,WorkFlow,WorkFlow\DevelopLeadTimeList.aspx.vb
WorkFlow,c:\TEMP\WorkFlow\DevelopLeadTimeList@.aspx.vb,,WorkFlow,WorkFlow\DevelopLeadTimeList@.aspx.vb
WorkFlow,c:\TEMP\WorkFlow\DevelopLeadTime_EA.aspx.vb,,WorkFlow,WorkFlow\DevelopLeadTime_EA.aspx.vb
WorkFlow,c:\TEMP\WorkFlow\DevelopLeadTime_EA@.aspx.vb,,WorkFlow,WorkFlow\DevelopLeadTime_EA@.aspx.vb
WorkFlow,c:\TEMP\WorkFlow\DevelopLeadTime_EA@List.aspx.vb,,WorkFlow,WorkFlow\DevelopLeadTime_EA@List.aspx.vb
WorkFlow,c:\TEMP\WorkFlow\DevelopLeadTime_EAList.aspx.vb,,WorkFlow,WorkFlow\DevelopLeadTime_EAList.aspx.vb
WorkFlow,c:\TEMP\WorkFlow\DevelopmentTimeList.aspx.vb,,WorkFlow,WorkFlow\DevelopmentTimeList.aspx.vb
WorkFlow,c:\TEMP\WorkFlow\DevNoInPicker.aspx.vb,,WorkFlow,WorkFlow\DevNoInPicker.aspx.vb
WorkFlow,c:\TEMP\WorkFlow\DevNoPicker.aspx.vb,,WorkFlow,WorkFlow\DevNoPicker.aspx.vb
WorkFlow,c:\TEMP\WorkFlow\Download.aspx.vb,,WorkFlow,WorkFlow\Download.aspx.vb
WorkFlow,c:\TEMP\WorkFlow\ErrorPage.aspx.vb,,WorkFlow,WorkFlow\ErrorPage.aspx.vb
WorkFlow,c:\TEMP\WorkFlow\FlowList.aspx.vb,,WorkFlow,WorkFlow\FlowList.aspx.vb
WorkFlow,c:\TEMP\WorkFlow\FormList.aspx.vb,,WorkFlow,WorkFlow\FormList.aspx.vb
WorkFlow,c:\TEMP\WorkFlow\GetCommissionNo.aspx.vb,,WorkFlow,WorkFlow\GetCommissionNo.aspx.vb
WorkFlow,c:\TEMP\WorkFlow\Global.asax.vb,,WorkFlow,WorkFlow\Global.asax.vb
WorkFlow,c:\TEMP\WorkFlow\HRNewCommission.aspx.vb,,WorkFlow,WorkFlow\HRNewCommission.aspx.vb
WorkFlow,c:\TEMP\WorkFlow\HR_AddWorkSheet_01.aspx.vb,,WorkFlow,WorkFlow\HR_AddWorkSheet_01.aspx.vb
WorkFlow,c:\TEMP\WorkFlow\HR_AddWorkSheet_02.aspx.vb,,WorkFlow,WorkFlow\HR_AddWorkSheet_02.aspx.vb
WorkFlow,c:\TEMP\WorkFlow\HR_AwaySheet_01.aspx.vb,,WorkFlow,WorkFlow\HR_AwaySheet_01.aspx.vb
WorkFlow,c:\TEMP\WorkFlow\HR_AwaySheet_02.aspx.vb,,WorkFlow,WorkFlow\HR_AwaySheet_02.aspx.vb
WorkFlow,c:\TEMP\WorkFlow\HR_CardTimeList.aspx.vb,,WorkFlow,WorkFlow\HR_CardTimeList.aspx.vb
WorkFlow,c:\TEMP\WorkFlow\HR_CardTimeList01.aspx.vb,,WorkFlow,WorkFlow\HR_CardTimeList01.aspx.vb
WorkFlow,c:\TEMP\WorkFlow\HR_DelayList.aspx.vb,,WorkFlow,WorkFlow\HR_DelayList.aspx.vb
WorkFlow,c:\TEMP\WorkFlow\HR_ErrorCard.aspx.vb,,WorkFlow,WorkFlow\HR_ErrorCard.aspx.vb
WorkFlow,c:\TEMP\WorkFlow\HR_FlowList.aspx.vb,,WorkFlow,WorkFlow\HR_FlowList.aspx.vb
WorkFlow,c:\TEMP\WorkFlow\HR_InqCommission.aspx.vb,,WorkFlow,WorkFlow\HR_InqCommission.aspx.vb
WorkFlow,c:\TEMP\WorkFlow\HR_LeadTimeList.aspx.vb,,WorkFlow,WorkFlow\HR_LeadTimeList.aspx.vb
WorkFlow,c:\TEMP\WorkFlow\HR_OverTimeList01.aspx.vb,,WorkFlow,WorkFlow\HR_OverTimeList01.aspx.vb
WorkFlow,c:\TEMP\WorkFlow\HR_OverTimeSheet_01.aspx.vb,,WorkFlow,WorkFlow\HR_OverTimeSheet_01.aspx.vb
WorkFlow,c:\TEMP\WorkFlow\HR_OverTimeSheet_02.aspx.vb,,WorkFlow,WorkFlow\HR_OverTimeSheet_02.aspx.vb
WorkFlow,c:\TEMP\WorkFlow\HR_OverTimeSheet_03.aspx.vb,,WorkFlow,WorkFlow\HR_OverTimeSheet_03.aspx.vb
WorkFlow,c:\TEMP\WorkFlow\HR_TimeOffSheet_01.aspx.vb,,WorkFlow,WorkFlow\HR_TimeOffSheet_01.aspx.vb
WorkFlow,c:\TEMP\WorkFlow\HR_TimeOffSheet_02.aspx.vb,,WorkFlow,WorkFlow\HR_TimeOffSheet_02.aspx.vb
WorkFlow,c:\TEMP\WorkFlow\HR_WorkTime.aspx.vb,,WorkFlow,WorkFlow\HR_WorkTime.aspx.vb
WorkFlow,c:\TEMP\WorkFlow\ImportCTSheet_01.aspx.vb,,WorkFlow,WorkFlow\ImportCTSheet_01.aspx.vb
WorkFlow,c:\TEMP\WorkFlow\ImportCTSheet_02.aspx.vb,,WorkFlow,WorkFlow\ImportCTSheet_02.aspx.vb
WorkFlow,c:\TEMP\WorkFlow\ImportModSheet_01.aspx.vb,,WorkFlow,WorkFlow\ImportModSheet_01.aspx.vb
WorkFlow,c:\TEMP\WorkFlow\ImportModSheet_02.aspx.vb,,WorkFlow,WorkFlow\ImportModSheet_02.aspx.vb
WorkFlow,c:\TEMP\WorkFlow\ImportSheet_01.aspx.vb,,WorkFlow,WorkFlow\ImportSheet_01.aspx.vb
WorkFlow,c:\TEMP\WorkFlow\ImportSheet_02.aspx.vb,,WorkFlow,WorkFlow\ImportSheet_02.aspx.vb
WorkFlow,c:\TEMP\WorkFlow\InqManufOutList.aspx.vb,,WorkFlow,WorkFlow\InqManufOutList.aspx.vb
WorkFlow,c:\TEMP\WorkFlow\InquiryCommission.aspx.vb,,WorkFlow,WorkFlow\InquiryCommission.aspx.vb
WorkFlow,c:\TEMP\WorkFlow\InquiryCommissionSPD.aspx.vb,,WorkFlow,WorkFlow\InquiryCommissionSPD.aspx.vb
WorkFlow,c:\TEMP\WorkFlow\InquiryDocument.aspx.vb,,WorkFlow,WorkFlow\InquiryDocument.aspx.vb
WorkFlow,c:\TEMP\WorkFlow\ITNewCommission.aspx.vb,,WorkFlow,WorkFlow\ITNewCommission.aspx.vb
WorkFlow,c:\TEMP\WorkFlow\IT_ChangeAccountSheet_01.aspx.vb,,WorkFlow,WorkFlow\IT_ChangeAccountSheet_01.aspx.vb
WorkFlow,c:\TEMP\WorkFlow\IT_ChangeAccountSheet_02.aspx.vb,,WorkFlow,WorkFlow\IT_ChangeAccountSheet_02.aspx.vb
WorkFlow,c:\TEMP\WorkFlow\IT_ChangeAccountSheet_03.aspx.vb,,WorkFlow,WorkFlow\IT_ChangeAccountSheet_03.aspx.vb
WorkFlow,c:\TEMP\WorkFlow\IT_ChangeDataSheet_01.aspx.vb,,WorkFlow,WorkFlow\IT_ChangeDataSheet_01.aspx.vb
WorkFlow,c:\TEMP\WorkFlow\IT_ChangeDataSheet_02.aspx.vb,,WorkFlow,WorkFlow\IT_ChangeDataSheet_02.aspx.vb
WorkFlow,c:\TEMP\WorkFlow\IT_ChangeDataSheet_03.aspx.vb,,WorkFlow,WorkFlow\IT_ChangeDataSheet_03.aspx.vb
WorkFlow,c:\TEMP\WorkFlow\IT_ChangeSystemSheet_01.aspx.vb,,WorkFlow,WorkFlow\IT_ChangeSystemSheet_01.aspx.vb
WorkFlow,c:\TEMP\WorkFlow\IT_ChangeSystemSheet_02.aspx.vb,,WorkFlow,WorkFlow\IT_ChangeSystemSheet_02.aspx.vb
WorkFlow,c:\TEMP\WorkFlow\IT_ChangeSystemSheet_03.aspx.vb,,WorkFlow,WorkFlow\IT_ChangeSystemSheet_03.aspx.vb
WorkFlow,c:\TEMP\WorkFlow\IT_FlowList.aspx.vb,,WorkFlow,WorkFlow\IT_FlowList.aspx.vb
WorkFlow,c:\TEMP\WorkFlow\IT_InqCommission.aspx.vb,,WorkFlow,WorkFlow\IT_InqCommission.aspx.vb
WorkFlow,c:\TEMP\WorkFlow\IT_LeadTimeList.aspx.vb,,WorkFlow,WorkFlow\IT_LeadTimeList.aspx.vb
WorkFlow,c:\TEMP\WorkFlow\IT_NewSystemSheet_01.aspx.vb,,WorkFlow,WorkFlow\IT_NewSystemSheet_01.aspx.vb
WorkFlow,c:\TEMP\WorkFlow\IT_NewSystemSheet_02.aspx.vb,,WorkFlow,WorkFlow\IT_NewSystemSheet_02.aspx.vb
WorkFlow,c:\TEMP\WorkFlow\IT_NewSystemSheet_03.aspx.vb,,WorkFlow,WorkFlow\IT_NewSystemSheet_03.aspx.vb
WorkFlow,c:\TEMP\WorkFlow\IT_SelectDataSheet_01.aspx.vb,,WorkFlow,WorkFlow\IT_SelectDataSheet_01.aspx.vb
WorkFlow,c:\TEMP\WorkFlow\IT_SelectDataSheet_02.aspx.vb,,WorkFlow,WorkFlow\IT_SelectDataSheet_02.aspx.vb
WorkFlow,c:\TEMP\WorkFlow\IT_SelectDataSheet_03.aspx.vb,,WorkFlow,WorkFlow\IT_SelectDataSheet_03.aspx.vb
WorkFlow,c:\TEMP\WorkFlow\IT_TroubleShooterSheet_01.aspx.vb,,WorkFlow,WorkFlow\IT_TroubleShooterSheet_01.aspx.vb
WorkFlow,c:\TEMP\WorkFlow\IT_TroubleShooterSheet_02.aspx.vb,,WorkFlow,WorkFlow\IT_TroubleShooterSheet_02.aspx.vb
WorkFlow,c:\TEMP\WorkFlow\IT_TroubleShooterSheet_03.aspx.vb,,WorkFlow,WorkFlow\IT_TroubleShooterSheet_03.aspx.vb
WorkFlow,c:\TEMP\WorkFlow\LeadTimeList.aspx.vb,,WorkFlow,WorkFlow\LeadTimeList.aspx.vb
WorkFlow,c:\TEMP\WorkFlow\ManufInBefSheet_01.aspx.vb,,WorkFlow,WorkFlow\ManufInBefSheet_01.aspx.vb
WorkFlow,c:\TEMP\WorkFlow\ManufInCTSheet_01.aspx.vb,,WorkFlow,WorkFlow\ManufInCTSheet_01.aspx.vb
WorkFlow,c:\TEMP\WorkFlow\ManufInCTSheet_02.aspx.vb,,WorkFlow,WorkFlow\ManufInCTSheet_02.aspx.vb
WorkFlow,c:\TEMP\WorkFlow\ManufInList.aspx.vb,,WorkFlow,WorkFlow\ManufInList.aspx.vb
WorkFlow,c:\TEMP\WorkFlow\ManufInModSheet_01.aspx.vb,,WorkFlow,WorkFlow\ManufInModSheet_01.aspx.vb
WorkFlow,c:\TEMP\WorkFlow\ManufInModSheet_02.aspx.vb,,WorkFlow,WorkFlow\ManufInModSheet_02.aspx.vb
WorkFlow,c:\TEMP\WorkFlow\ManufInOPSheet_01.aspx.vb,,WorkFlow,WorkFlow\ManufInOPSheet_01.aspx.vb
WorkFlow,c:\TEMP\WorkFlow\ManufInOPSheet_02.aspx.vb,,WorkFlow,WorkFlow\ManufInOPSheet_02.aspx.vb
WorkFlow,c:\TEMP\WorkFlow\ManufInSheet_01.aspx.vb,,WorkFlow,WorkFlow\ManufInSheet_01.aspx.vb
WorkFlow,c:\TEMP\WorkFlow\ManufInSheet_02.aspx.vb,,WorkFlow,WorkFlow\ManufInSheet_02.aspx.vb
WorkFlow,c:\TEMP\WorkFlow\ManufOutBefSheet_01.aspx.vb,,WorkFlow,WorkFlow\ManufOutBefSheet_01.aspx.vb
WorkFlow,c:\TEMP\WorkFlow\ManufOutCTSheet_01.aspx.vb,,WorkFlow,WorkFlow\ManufOutCTSheet_01.aspx.vb
WorkFlow,c:\TEMP\WorkFlow\ManufOutCTSheet_02.aspx.vb,,WorkFlow,WorkFlow\ManufOutCTSheet_02.aspx.vb
WorkFlow,c:\TEMP\WorkFlow\ManufOutList.aspx.vb,,WorkFlow,WorkFlow\ManufOutList.aspx.vb
WorkFlow,c:\TEMP\WorkFlow\ManufOutModSheet_01.aspx.vb,,WorkFlow,WorkFlow\ManufOutModSheet_01.aspx.vb
WorkFlow,c:\TEMP\WorkFlow\ManufOutModSheet_02.aspx.vb,,WorkFlow,WorkFlow\ManufOutModSheet_02.aspx.vb
WorkFlow,c:\TEMP\WorkFlow\ManufOutOPSheet_01.aspx.vb,,WorkFlow,WorkFlow\ManufOutOPSheet_01.aspx.vb
WorkFlow,c:\TEMP\WorkFlow\ManufOutOPSheet_02.aspx.vb,,WorkFlow,WorkFlow\ManufOutOPSheet_02.aspx.vb
WorkFlow,c:\TEMP\WorkFlow\ManufOutSDSheet_01.aspx.vb,,WorkFlow,WorkFlow\ManufOutSDSheet_01.aspx.vb
WorkFlow,c:\TEMP\WorkFlow\ManufOutSDSheet_02.aspx.vb,,WorkFlow,WorkFlow\ManufOutSDSheet_02.aspx.vb
WorkFlow,c:\TEMP\WorkFlow\ManufOutSheet_01.aspx.vb,,WorkFlow,WorkFlow\ManufOutSheet_01.aspx.vb
WorkFlow,c:\TEMP\WorkFlow\ManufOutSheet_02.aspx.vb,,WorkFlow,WorkFlow\ManufOutSheet_02.aspx.vb
WorkFlow,c:\TEMP\WorkFlow\MapBefSheet_01.aspx.vb,,WorkFlow,WorkFlow\MapBefSheet_01.aspx.vb
WorkFlow,c:\TEMP\WorkFlow\MapList.aspx.vb,,WorkFlow,WorkFlow\MapList.aspx.vb
WorkFlow,c:\TEMP\WorkFlow\MapManagement.aspx.vb,,WorkFlow,WorkFlow\MapManagement.aspx.vb
WorkFlow,c:\TEMP\WorkFlow\MapModPicker.aspx.vb,,WorkFlow,WorkFlow\MapModPicker.aspx.vb
WorkFlow,c:\TEMP\WorkFlow\MapModSheet_01.aspx.vb,,WorkFlow,WorkFlow\MapModSheet_01.aspx.vb
WorkFlow,c:\TEMP\WorkFlow\MapModSheet_02.aspx.vb,,WorkFlow,WorkFlow\MapModSheet_02.aspx.vb
WorkFlow,c:\TEMP\WorkFlow\MapPicker.aspx.vb,,WorkFlow,WorkFlow\MapPicker.aspx.vb
WorkFlow,c:\TEMP\WorkFlow\MapPicker_01.aspx.vb,,WorkFlow,WorkFlow\MapPicker_01.aspx.vb
WorkFlow,c:\TEMP\WorkFlow\MapSheet_01.aspx.vb,,WorkFlow,WorkFlow\MapSheet_01.aspx.vb
WorkFlow,c:\TEMP\WorkFlow\MapSheet_02.aspx.vb,,WorkFlow,WorkFlow\MapSheet_02.aspx.vb
WorkFlow,c:\TEMP\WorkFlow\MessagePage.aspx.vb,,WorkFlow,WorkFlow\MessagePage.aspx.vb
WorkFlow,c:\TEMP\WorkFlow\ModifyDataSheet_01.aspx.vb,,WorkFlow,WorkFlow\ModifyDataSheet_01.aspx.vb
WorkFlow,c:\TEMP\WorkFlow\ModifyDataSheet_02.aspx.vb,,WorkFlow,WorkFlow\ModifyDataSheet_02.aspx.vb
WorkFlow,c:\TEMP\WorkFlow\MPM_InqCommission.aspx.vb,,WorkFlow,WorkFlow\MPM_InqCommission.aspx.vb
WorkFlow,c:\TEMP\WorkFlow\MultiOPPerformance.aspx.vb,,WorkFlow,WorkFlow\MultiOPPerformance.aspx.vb
WorkFlow,c:\TEMP\WorkFlow\NewCommission.aspx.vb,,WorkFlow,WorkFlow\NewCommission.aspx.vb
WorkFlow,c:\TEMP\WorkFlow\OMapPicker.aspx.vb,,WorkFlow,WorkFlow\OMapPicker.aspx.vb
WorkFlow,c:\TEMP\WorkFlow\OPInqCommission.aspx.vb,,WorkFlow,WorkFlow\OPInqCommission.aspx.vb
WorkFlow,c:\TEMP\WorkFlow\OPInqCommission_ing.aspx.vb,,WorkFlow,WorkFlow\OPInqCommission_ing.aspx.vb
WorkFlow,c:\TEMP\WorkFlow\OPInqCommission_List.aspx.vb,,WorkFlow,WorkFlow\OPInqCommission_List.aspx.vb
WorkFlow,c:\TEMP\WorkFlow\OPInqWaitHandle.aspx.vb,,WorkFlow,WorkFlow\OPInqWaitHandle.aspx.vb
WorkFlow,c:\TEMP\WorkFlow\OPPerformanceList.aspx.vb,,WorkFlow,WorkFlow\OPPerformanceList.aspx.vb
WorkFlow,c:\TEMP\WorkFlow\OPPerformanceWorkID.aspx.vb,,WorkFlow,WorkFlow\OPPerformanceWorkID.aspx.vb
WorkFlow,c:\TEMP\WorkFlow\OPProgress.aspx.vb,,WorkFlow,WorkFlow\OPProgress.aspx.vb
WorkFlow,c:\TEMP\WorkFlow\OPProgressAdv.aspx.vb,,WorkFlow,WorkFlow\OPProgressAdv.aspx.vb
WorkFlow,c:\TEMP\WorkFlow\OPSchedule.aspx.vb,,WorkFlow,WorkFlow\OPSchedule.aspx.vb
WorkFlow,c:\TEMP\WorkFlow\OPSchedule_01.aspx.vb,,WorkFlow,WorkFlow\OPSchedule_01.aspx.vb
WorkFlow,c:\TEMP\WorkFlow\OverTimeDatePicker.aspx.vb,,WorkFlow,WorkFlow\OverTimeDatePicker.aspx.vb
WorkFlow,c:\TEMP\WorkFlow\Progress.aspx.vb,,WorkFlow,WorkFlow\Progress.aspx.vb
WorkFlow,c:\TEMP\WorkFlow\SBD_InqCommission.aspx.vb,,WorkFlow,WorkFlow\SBD_InqCommission.aspx.vb
WorkFlow,c:\TEMP\WorkFlow\SCD_DelayList.aspx.vb,,WorkFlow,WorkFlow\SCD_DelayList.aspx.vb
WorkFlow,c:\TEMP\WorkFlow\SCD_FlowList.aspx.vb,,WorkFlow,WorkFlow\SCD_FlowList.aspx.vb
WorkFlow,c:\TEMP\WorkFlow\SCD_InqCommission.aspx.vb,,WorkFlow,WorkFlow\SCD_InqCommission.aspx.vb
WorkFlow,c:\TEMP\WorkFlow\SCD_LeadTimeList.aspx.vb,,WorkFlow,WorkFlow\SCD_LeadTimeList.aspx.vb
WorkFlow,c:\TEMP\WorkFlow\SCD_SampleSheet_01.aspx.vb,,WorkFlow,WorkFlow\SCD_SampleSheet_01.aspx.vb
WorkFlow,c:\TEMP\WorkFlow\SCD_SampleSheet_02.aspx.vb,,WorkFlow,WorkFlow\SCD_SampleSheet_02.aspx.vb
WorkFlow,c:\TEMP\WorkFlow\Simulation.aspx.vb,,WorkFlow,WorkFlow\Simulation.aspx.vb
WorkFlow,c:\TEMP\WorkFlow\SingleOPPerformance.aspx.vb,,WorkFlow,WorkFlow\SingleOPPerformance.aspx.vb
WorkFlow,c:\TEMP\WorkFlow\SliderPicker.aspx.vb,,WorkFlow,WorkFlow\SliderPicker.aspx.vb
WorkFlow,c:\TEMP\WorkFlow\SPDClass.vb,,WorkFlow,WorkFlow\SPDClass.vb
WorkFlow,c:\TEMP\WorkFlow\SPDNewCommission.aspx.vb,,WorkFlow,WorkFlow\SPDNewCommission.aspx.vb
WorkFlow,c:\TEMP\WorkFlow\SpecPicker.aspx.vb,,WorkFlow,WorkFlow\SpecPicker.aspx.vb
WorkFlow,c:\TEMP\WorkFlow\SufaceAppendSheet_01.aspx.vb,,WorkFlow,WorkFlow\SufaceAppendSheet_01.aspx.vb
WorkFlow,c:\TEMP\WorkFlow\SufaceAppendSheet_02.aspx.vb,,WorkFlow,WorkFlow\SufaceAppendSheet_02.aspx.vb
WorkFlow,c:\TEMP\WorkFlow\SufaceList.aspx.vb,,WorkFlow,WorkFlow\SufaceList.aspx.vb
WorkFlow,c:\TEMP\WorkFlow\SufaceSheet_01.aspx.vb,,WorkFlow,WorkFlow\SufaceSheet_01.aspx.vb
WorkFlow,c:\TEMP\WorkFlow\SufaceSheet_02.aspx.vb,,WorkFlow,WorkFlow\SufaceSheet_02.aspx.vb
WorkFlow,c:\TEMP\WorkFlow\SufaceSuppilerSheet_01.aspx.vb,,WorkFlow,WorkFlow\SufaceSuppilerSheet_01.aspx.vb
WorkFlow,c:\TEMP\WorkFlow\TrackCommission.aspx.vb,,WorkFlow,WorkFlow\TrackCommission.aspx.vb
WorkFlow,c:\TEMP\WorkFlow\UPDocument.aspx.vb,,WorkFlow,WorkFlow\UPDocument.aspx.vb
WorkFlow,c:\TEMP\WorkFlow\VacationDatePicker.aspx.vb,,WorkFlow,WorkFlow\VacationDatePicker.aspx.vb
WorkFlow,c:\TEMP\WorkFlow\WaitHandle.aspx.vb,,WorkFlow,WorkFlow\WaitHandle.aspx.vb
WorkFlow,c:\TEMP\WorkFlow\YKKClass.vb,,WorkFlow,WorkFlow\YKKClass.vb
WorkFlow,c:\TEMP\WorkFlow\YKK_SPDClass.vb,,WorkFlow,WorkFlow\YKK_SPDClass.vb
WorkFlow,c:\TEMP\WorkFlow\zzApprove_T.aspx.vb,,WorkFlow,WorkFlow\zzApprove_T.aspx.vb
WorkFlow,c:\TEMP\WorkFlow\zzContactList.aspx.vb,,WorkFlow,WorkFlow\zzContactList.aspx.vb
WorkFlow,c:\TEMP\WorkFlow\zzContactOutList.aspx.vb,,WorkFlow,WorkFlow\zzContactOutList.aspx.vb
WorkFlow,c:\TEMP\WorkFlow\zzContactOutSheet_01.aspx.vb,,WorkFlow,WorkFlow\zzContactOutSheet_01.aspx.vb
WorkFlow,c:\TEMP\WorkFlow\zzContactOutSheet_02.aspx.vb,,WorkFlow,WorkFlow\zzContactOutSheet_02.aspx.vb
WorkFlow,c:\TEMP\WorkFlow\zzContactSheet_01.aspx.vb,,WorkFlow,WorkFlow\zzContactSheet_01.aspx.vb
WorkFlow,c:\TEMP\WorkFlow\zzContactSheet_02.aspx.vb,,WorkFlow,WorkFlow\zzContactSheet_02.aspx.vb
WorkFlow,c:\TEMP\WorkFlow\zzDefault.aspx.vb,,WorkFlow,WorkFlow\zzDefault.aspx.vb
WorkFlow,c:\TEMP\WorkFlow\zzDefault_T.aspx.vb,,WorkFlow,WorkFlow\zzDefault_T.aspx.vb
WorkFlow,c:\TEMP\WorkFlow\zzGetLeadTime_T.aspx.vb,,WorkFlow,WorkFlow\zzGetLeadTime_T.aspx.vb
WorkFlow,c:\TEMP\WorkFlow\zzGetSeqNo_T.aspx.vb,,WorkFlow,WorkFlow\zzGetSeqNo_T.aspx.vb
WorkFlow,c:\TEMP\WorkFlow\zzliderDetailList.aspx.vb,,WorkFlow,WorkFlow\zzliderDetailList.aspx.vb
WorkFlow,c:\TEMP\WorkFlow\zzMap_Show_09.aspx.vb,,WorkFlow,WorkFlow\zzMap_Show_09.aspx.vb
WorkFlow,c:\TEMP\WorkFlow\zzMMapPicker.aspx.vb,,WorkFlow,WorkFlow\zzMMapPicker.aspx.vb
WorkFlow,c:\TEMP\WorkFlow\zzModManufOutSheet_01.aspx.vb,,WorkFlow,WorkFlow\zzModManufOutSheet_01.aspx.vb
WorkFlow,c:\TEMP\WorkFlow\zzModManufOutSheet_02.aspx.vb,,WorkFlow,WorkFlow\zzModManufOutSheet_02.aspx.vb
WorkFlow,c:\TEMP\WorkFlow\zzModManufSheet_01.aspx.vb,,WorkFlow,WorkFlow\zzModManufSheet_01.aspx.vb
WorkFlow,c:\TEMP\WorkFlow\zzModManufSheet_02.aspx.vb,,WorkFlow,WorkFlow\zzModManufSheet_02.aspx.vb
WorkFlow,c:\TEMP\WorkFlow\zzNextGate_T.aspx.vb,,WorkFlow,WorkFlow\zzNextGate_T.aspx.vb
WorkFlow,c:\TEMP\WorkFlow\zzOPContactOutList.aspx.vb,,WorkFlow,WorkFlow\zzOPContactOutList.aspx.vb
WorkFlow,c:\TEMP\WorkFlow\zzOPContactOutSheet_01.aspx.vb,,WorkFlow,WorkFlow\zzOPContactOutSheet_01.aspx.vb
WorkFlow,c:\TEMP\WorkFlow\zzOPContactOutSheet_02.aspx.vb,,WorkFlow,WorkFlow\zzOPContactOutSheet_02.aspx.vb
WorkFlow,c:\TEMP\WorkFlow\zzOPContactSheet_01.aspx.vb,,WorkFlow,WorkFlow\zzOPContactSheet_01.aspx.vb
WorkFlow,c:\TEMP\WorkFlow\zzOperationReport.aspx.vb,,WorkFlow,WorkFlow\zzOperationReport.aspx.vb
WorkFlow,c:\TEMP\WorkFlow\zzPriceList.aspx.vb,,WorkFlow,WorkFlow\zzPriceList.aspx.vb
WorkFlow,c:\TEMP\WorkFlow\zzPricePicker.aspx.vb,,WorkFlow,WorkFlow\zzPricePicker.aspx.vb
WorkFlow,c:\TEMP\WorkFlow\zzQA1Picker.aspx.vb,,WorkFlow,WorkFlow\zzQA1Picker.aspx.vb
WorkFlow,c:\TEMP\WorkFlow\zzQA2Picker.aspx.vb,,WorkFlow,WorkFlow\zzQA2Picker.aspx.vb
WorkFlow,c:\TEMP\WorkFlow\zzQuality1List.aspx.vb,,WorkFlow,WorkFlow\zzQuality1List.aspx.vb
WorkFlow,c:\TEMP\WorkFlow\zzQuality2List.aspx.vb,,WorkFlow,WorkFlow\zzQuality2List.aspx.vb
WorkFlow,c:\TEMP\WorkFlow\zzSampleList.aspx.vb,,WorkFlow,WorkFlow\zzSampleList.aspx.vb
WorkFlow,c:\TEMP\WorkFlow\zzSamplePicker.aspx.vb,,WorkFlow,WorkFlow\zzSamplePicker.aspx.vb
WorkFlow,c:\TEMP\WorkFlow\zzSchedule_T.aspx.vb,,WorkFlow,WorkFlow\zzSchedule_T.aspx.vb
WorkFlow,c:\TEMP\WorkFlow\zzSendMail_T.aspx.vb,,WorkFlow,WorkFlow\zzSendMail_T.aspx.vb
WorkFlow,c:\TEMP\WorkFlow\zzSliderCodeList.aspx.vb,,WorkFlow,WorkFlow\zzSliderCodeList.aspx.vb
WorkFlow,c:\TEMP\WorkFlow\zzSliderGRCodePicker.aspx.vb,,WorkFlow,WorkFlow\zzSliderGRCodePicker.aspx.vb
WorkFlow,c:\TEMP\WorkFlow\zzWinPop.aspx.vb,,WorkFlow,WorkFlow\zzWinPop.aspx.vb
WorkFlow,c:\TEMP\WorkFlow\zzWinPop1.aspx.vb,,WorkFlow,WorkFlow\zzWinPop1.aspx.vb
WorkFlow,c:\TEMP\WorkFlow\Web References\Common\Reference.vb,,WorkFlow,WorkFlow\Web References\Common\Reference.vb
WorkFlow,c:\TEMP\WorkFlow\Web References\Flow\Reference.vb,,WorkFlow,WorkFlow\Web References\Flow\Reference.vb
WorkFlow,c:\TEMP\WorkFlow\Web References\Schedule\Reference.vb,,WorkFlow,WorkFlow\Web References\Schedule\Reference.vb
